,Age,Gender,self_employed,family_history,treatment,work_interfere,no_employees,remote_work,tech_company,benefits,care_options,wellness_program,seek_help,anonymity,leave,mental_health_consequence,phys_health_consequence,coworkers,supervisor,mental_health_interview,phys_health_interview,mental_vs_physical,obs_consequence
0,0.6,1,0,0,0,3,5,0,0,0,0,0,0,0,0,0,1,0,0,1,1,0,0
1,0.33333333333333337,1,0,0,0,3,4,0,1,1,0,1,1,0,1,1,1,2,2,2,2,1,0
2,0.3111111111111111,1,0,1,1,2,2,0,1,1,2,1,1,1,1,2,2,1,0,0,0,1,1
3,0.3111111111111111,1,0,0,0,1,1,1,1,2,0,0,0,0,0,1,1,1,2,2,2,0,0
4,0.35555555555555557,1,0,1,0,4,4,0,1,2,1,1,0,0,0,1,1,2,2,1,0,0,0
5,0.4,0,0,1,1,4,0,1,1,1,0,1,1,1,1,0,0,1,0,1,1,0,0
6,0.48888888888888893,1,0,0,0,1,0,1,1,1,2,1,1,2,0,1,1,0,0,1,1,1,0
7,0.5555555555555556,0,0,1,1,4,1,0,1,2,2,1,1,1,3,0,1,2,2,1,0,1,0
8,0.13333333333333333,1,0,0,0,1,2,0,1,0,0,0,0,0,0,1,1,2,2,0,0,2,0
9,0.3111111111111111,1,0,0,1,4,4,1,1,0,0,1,1,0,0,1,1,1,2,1,1,0,0
10,0.26666666666666666,1,0,0,0,1,1,1,1,0,1,1,1,0,0,1,1,2,2,2,2,0,0
11,0.5555555555555556,0,0,1,1,4,2,0,0,2,2,1,1,0,1,2,2,2,2,0,0,1,1
12,0.4222222222222222,1,0,1,0,1,3,0,1,0,1,1,0,0,0,1,1,2,2,1,1,0,0
13,0.22222222222222224,1,0,0,0,1,4,0,1,0,1,0,0,0,2,1,1,1,1,0,2,2,0
14,0.26666666666666666,0,0,1,1,3,2,0,1,2,1,1,1,0,2,1,1,2,1,0,0,0,0
15,0.13333333333333333,1,0,0,1,4,2,1,1,0,0,0,0,0,4,0,1,1,0,0,0,1,0
16,0.33333333333333337,1,0,0,1,4,4,0,1,2,2,1,0,0,0,0,1,1,2,1,1,1,0
17,0.6444444444444445,1,1,1,0,4,0,1,1,2,1,2,0,2,4,1,1,2,2,1,2,2,1
18,0.4222222222222222,1,1,1,0,0,4,1,1,1,0,2,1,2,2,1,1,1,1,0,0,0,0
19,0.26666666666666666,1,0,1,1,4,1,0,1,2,2,1,1,1,1,0,1,1,1,1,1,1,0
20,0.3111111111111111,1,1,0,0,1,0,1,1,1,0,1,1,2,1,1,1,1,1,1,0,2,0
21,0.6444444444444445,1,0,0,1,2,2,1,1,2,2,1,1,0,0,0,1,1,2,1,0,1,0
22,0.5333333333333333,1,0,0,1,1,5,0,0,0,0,1,0,0,0,0,1,0,0,1,2,0,0
23,0.35555555555555557,1,0,1,1,3,2,0,1,2,1,0,2,2,0,1,1,2,2,1,2,0,0
24,0.4,1,0,1,1,4,5,0,0,2,2,1,0,1,4,2,1,1,2,1,2,1,0
25,0.35555555555555557,1,0,0,0,0,0,0,1,0,1,1,0,0,0,0,0,1,0,1,1,0,0
26,0.4,0,0,1,1,3,4,1,1,2,2,0,0,0,0,1,1,2,2,0,0,2,0
27,0.37777777777777777,1,0,0,1,4,2,1,1,0,1,1,0,0,1,1,1,1,0,1,1,1,0
28,0.4444444444444445,1,0,0,0,4,4,0,1,1,0,1,1,0,3,2,0,1,0,1,0,1,0
29,0.33333333333333337,1,0,0,0,1,4,1,1,1,0,1,1,0,0,2,2,1,1,1,0,1,0
30,0.3111111111111111,1,1,1,0,3,0,1,1,1,2,1,1,0,1,2,1,0,0,1,1,1,1
31,0.2888888888888889,1,0,1,1,4,3,1,1,0,0,1,1,2,2,0,1,1,2,1,2,0,0
32,0.5555555555555556,1,0,1,1,4,2,1,1,2,2,2,2,2,4,0,1,1,1,0,2,0,0
33,0.5111111111111112,0,0,0,1,4,0,0,1,2,2,1,1,0,0,0,1,1,0,1,0,2,0
34,0.22222222222222224,1,0,0,1,3,4,0,1,1,2,1,1,0,4,1,1,2,2,0,0,0,0
35,0.26666666666666666,1,0,0,0,3,0,0,1,1,0,1,1,0,4,2,0,1,0,1,1,0,0
36,0.4666666666666667,1,0,0,0,0,1,0,1,1,2,1,1,0,2,0,1,1,1,1,0,1,0
37,0.7333333333333334,1,0,0,0,0,1,0,1,2,2,1,0,0,0,1,1,1,2,1,0,0,0
38,0.4,1,0,0,1,3,5,1,1,2,2,1,2,2,4,1,1,2,2,0,0,2,0
39,0.15555555555555556,1,0,0,1,4,4,0,1,1,0,1,1,0,0,0,0,1,0,1,2,1,1
40,0.4,1,0,0,0,0,5,1,1,2,1,0,2,0,1,2,2,1,0,1,0,0,0
41,0.22222222222222224,1,0,1,1,4,0,0,1,1,2,1,1,2,3,0,1,1,0,1,1,2,0
42,0.022222222222222223,1,0,0,0,2,4,0,1,1,1,1,1,0,1,2,0,0,1,1,1,1,0
43,0.2888888888888889,1,0,0,1,4,2,0,1,0,0,1,1,0,0,1,1,0,0,1,0,0,0
44,0.4666666666666667,0,0,1,1,4,2,0,1,2,2,1,2,2,2,1,1,1,2,1,1,2,0
45,0.24444444444444446,1,0,0,0,0,2,0,1,0,1,1,1,0,0,1,0,1,2,0,2,0,0
46,0.37777777777777777,1,0,0,0,0,4,0,1,1,0,1,1,0,0,1,1,2,2,0,2,0,0
47,0.2,1,1,0,0,4,0,0,1,1,2,2,1,0,0,1,1,2,2,1,1,2,0
48,0.2888888888888889,1,0,1,1,3,2,0,1,2,0,1,0,0,0,0,1,1,2,1,1,0,0
49,0.11111111111111112,1,0,1,1,2,4,0,1,1,2,1,1,2,3,0,1,0,0,1,0,0,0
50,0.35555555555555557,1,0,0,0,0,1,1,1,0,1,0,0,0,0,1,1,1,2,0,0,0,0
51,0.3111111111111111,1,0,0,0,0,1,1,1,0,0,0,0,0,0,0,0,1,1,0,0,0,0
52,0.33333333333333337,1,0,0,0,1,0,1,1,0,1,1,1,0,0,0,1,1,2,1,1,0,0
53,0.24444444444444446,1,0,0,0,0,1,0,1,1,0,1,1,0,0,1,1,0,0,1,0,0,0
54,0.22222222222222224,1,0,1,1,3,2,0,1,2,2,1,1,2,0,0,1,0,0,1,1,0,0
55,0.33333333333333337,1,0,1,0,0,4,1,1,0,0,1,1,0,2,1,1,2,2,1,1,2,0
56,0.15555555555555556,1,0,1,1,4,2,1,1,0,0,1,1,0,0,1,0,1,2,2,2,1,0
57,0.2,1,0,0,0,0,2,0,0,1,0,1,1,2,2,1,1,1,2,0,2,0,0
58,0.35555555555555557,1,0,1,1,2,4,1,1,0,0,1,1,1,1,2,1,0,0,1,0,0,0
59,0.6,1,0,1,1,4,5,0,0,2,0,1,0,0,0,2,0,1,0,1,0,0,1
60,0.2,0,0,0,1,4,2,1,1,0,1,2,2,2,4,1,1,2,2,0,2,2,0
61,0.22222222222222224,1,0,0,0,1,1,0,1,2,1,1,2,0,2,1,1,2,2,0,0,2,0
62,0.2,1,0,0,0,0,2,0,1,1,0,1,1,0,4,2,1,0,0,1,1,1,1
63,0.4,1,0,0,0,4,4,0,1,0,0,1,1,0,2,1,1,1,2,1,0,0,0
64,0.5111111111111112,1,0,1,0,4,5,1,1,2,2,2,2,0,0,2,0,1,0,1,1,1,1
65,0.13333333333333333,0,0,1,1,2,0,1,1,1,1,1,1,0,4,1,1,1,2,1,0,2,0
66,0.4222222222222222,1,0,0,0,4,1,1,1,2,0,0,2,0,0,0,1,1,1,0,2,2,0
67,0.3111111111111111,0,0,0,0,0,2,1,0,0,0,0,0,0,0,0,1,1,0,1,0,0,0
68,0.37777777777777777,1,1,0,0,3,0,1,1,1,0,1,1,0,0,0,1,1,0,1,1,0,0
69,0.24444444444444446,1,0,0,0,1,2,0,1,1,0,1,1,0,0,0,1,1,1,1,1,0,0
70,0.37777777777777777,1,0,0,0,1,4,0,1,0,1,0,0,0,2,1,1,1,2,1,1,0,0
71,0.13333333333333333,2,0,0,0,3,5,0,1,2,2,1,1,2,1,0,1,2,2,1,1,1,0
72,0.4666666666666667,1,0,0,0,0,2,0,1,1,0,1,0,2,2,1,1,1,2,0,2,2,0
73,0.35555555555555557,1,0,0,0,1,5,0,1,0,1,2,0,0,0,0,1,1,1,1,0,2,0
74,0.044444444444444446,1,0,0,0,0,0,0,1,1,2,1,1,1,1,2,1,0,0,1,0,1,0
75,0.17777777777777778,1,0,0,0,0,5,1,1,2,2,2,2,0,0,1,1,2,2,0,2,2,0
76,0.3111111111111111,1,1,1,0,4,0,1,1,1,0,1,1,2,1,1,1,2,2,0,0,2,0
77,0.33333333333333337,1,0,1,1,4,2,1,1,1,0,1,1,0,1,2,1,1,0,1,2,1,0
78,0.24444444444444446,1,0,0,0,1,4,1,1,0,0,0,0,0,4,1,1,1,1,0,2,2,0
79,0.4666666666666667,1,0,1,0,4,1,1,1,2,2,1,2,0,0,1,1,2,1,0,0,2,0
80,0.13333333333333333,1,0,0,0,1,2,0,1,2,1,2,0,0,4,1,1,1,2,0,0,2,0
81,0.2888888888888889,1,0,0,0,1,2,0,0,1,0,1,1,0,0,1,1,1,2,1,1,1,0
82,0.22222222222222224,0,1,0,1,2,0,1,1,2,2,2,2,2,4,0,0,1,2,1,0,2,0
83,0.35555555555555557,1,0,1,0,1,5,0,1,1,0,1,1,0,0,2,1,0,0,1,0,1,0
84,0.3111111111111111,1,0,0,0,0,2,0,1,0,1,1,1,0,0,1,1,1,2,0,0,1,0
85,0.48888888888888893,1,1,0,1,2,4,0,1,1,0,1,1,0,3,0,1,1,0,1,0,1,1
86,0.37777777777777777,0,0,1,1,3,3,1,1,2,1,1,0,0,0,2,0,1,1,1,1,0,0
87,0.26666666666666666,0,0,0,1,4,2,0,1,2,2,1,1,0,0,0,1,1,1,1,0,1,1
88,0.33333333333333337,1,0,0,0,0,3,0,1,0,0,1,0,0,0,1,1,1,1,1,1,0,0
89,0.3111111111111111,1,0,0,0,1,3,0,1,2,2,2,2,2,2,1,1,1,2,1,1,2,0
90,0.5111111111111112,1,0,0,1,4,2,0,1,1,2,1,1,2,3,1,1,2,2,2,2,1,0
91,0.37777777777777777,1,0,0,0,0,2,0,1,0,0,1,1,0,2,0,1,1,0,1,0,0,0
92,0.022222222222222223,2,0,0,0,0,2,1,1,2,2,1,1,2,2,1,1,2,2,2,2,0,0
93,0.17777777777777778,0,0,0,1,4,2,0,1,2,2,1,0,0,0,0,1,1,2,1,0,0,0
94,0.26666666666666666,1,0,0,0,1,2,0,1,0,0,1,0,0,0,1,1,2,2,0,0,1,0
95,0.15555555555555556,1,0,1,0,3,2,0,1,0,1,1,0,0,2,0,0,1,0,1,0,0,0
96,0.3111111111111111,1,0,1,1,4,4,0,1,0,0,1,1,0,0,1,1,1,2,0,2,1,0
97,0.35555555555555557,1,0,0,1,4,4,0,1,1,2,1,1,0,2,0,1,1,0,1,0,1,0
98,0.2888888888888889,1,0,0,1,2,0,0,1,1,2,1,1,2,2,1,1,2,2,0,0,2,0
99,0.2,0,0,1,1,4,2,0,0,1,2,1,1,1,3,2,1,0,0,1,0,1,1
100,0.6,0,0,0,0,1,1,0,1,2,1,0,0,0,0,0,0,0,1,1,1,0,0
101,0.17777777777777778,1,0,1,0,0,2,0,1,0,0,0,0,0,4,1,1,1,2,1,1,0,0
102,0.35555555555555557,1,0,1,1,4,2,1,1,2,2,2,2,2,2,1,1,1,2,0,0,2,0
103,0.26666666666666666,1,0,0,0,1,5,0,1,2,1,2,0,0,2,1,1,1,2,1,1,0,0
104,0.4,1,0,1,0,3,4,0,1,2,1,1,1,2,2,1,1,1,2,1,1,0,0
105,0.4,1,0,1,1,4,2,1,1,0,1,1,1,0,2,1,1,1,2,1,0,1,0
106,0.24444444444444446,1,0,1,1,3,4,0,1,1,0,1,1,1,0,0,1,2,2,1,1,0,1
107,0.37777777777777777,1,0,1,0,1,4,1,1,2,0,1,1,0,0,0,1,0,0,1,1,0,0
108,0.33333333333333337,1,0,0,1,4,2,0,1,2,0,2,2,2,1,0,1,1,2,1,0,2,0
109,0.11111111111111112,1,0,0,1,4,3,0,1,2,2,1,0,2,0,2,1,0,0,1,2,1,0
110,0.24444444444444446,1,0,0,1,4,2,0,1,2,2,2,2,2,2,1,1,1,1,1,0,2,0
111,0.6222222222222222,1,0,1,1,3,4,1,1,2,2,1,2,2,4,1,1,2,2,2,2,2,0
112,0.33333333333333337,1,0,0,0,1,1,0,1,2,2,1,0,0,0,0,1,1,1,1,1,0,0
113,0.24444444444444446,1,0,0,0,0,5,0,1,0,0,1,0,0,0,0,1,1,0,1,0,0,0
114,0.2,1,0,0,0,1,4,0,1,0,0,1,0,0,4,1,1,1,1,1,1,0,1
115,0.08888888888888889,1,1,0,0,2,0,1,0,1,2,1,1,2,3,2,1,1,2,1,0,1,0
116,0.22222222222222224,1,0,0,0,3,4,0,0,2,2,2,2,2,4,0,1,1,2,1,1,0,0
117,0.022222222222222223,1,0,0,1,3,0,1,1,1,0,1,1,2,4,1,1,1,0,1,1,0,0
118,0.4,1,0,0,0,0,2,1,1,0,1,1,0,0,0,1,1,1,2,0,0,0,0
119,0.26666666666666666,1,0,0,0,1,5,0,1,2,2,1,2,0,0,2,2,0,0,1,1,0,0
120,0.17777777777777778,1,0,0,0,0,2,1,1,0,0,1,1,0,4,1,1,1,2,1,1,0,0
121,0.35555555555555557,1,0,1,1,4,4,1,1,0,0,0,0,2,4,1,1,2,2,1,0,2,0
122,0.4222222222222222,1,0,0,0,2,4,0,1,2,0,1,1,2,0,0,1,0,0,1,1,0,0
123,0.22222222222222224,1,0,0,1,1,1,0,0,2,1,1,1,0,3,0,1,1,2,1,0,1,1
124,0.22222222222222224,1,0,1,0,1,3,0,1,2,0,2,2,2,0,2,1,1,0,1,2,0,0
125,0.22222222222222224,1,0,0,0,0,4,0,1,1,0,1,1,0,0,1,1,1,1,1,1,0,0
126,0.33333333333333337,1,0,0,1,3,1,0,1,2,2,1,2,2,0,2,1,0,2,1,1,0,0
127,0.3111111111111111,1,0,1,0,4,4,0,1,1,0,1,1,0,2,0,0,0,0,1,1,2,0
128,0.044444444444444446,1,0,0,1,4,4,0,1,0,0,1,1,0,2,2,2,1,0,1,1,0,0
129,0.35555555555555557,1,0,1,1,4,5,0,1,2,2,1,1,0,4,0,1,2,1,1,2,1,0
130,0.33333333333333337,1,0,0,0,3,0,1,1,1,2,1,1,0,3,0,1,2,1,1,2,0,0
131,0.22222222222222224,1,0,0,0,1,2,0,1,0,1,0,0,0,0,1,1,2,2,0,0,0,0
132,0.4666666666666667,1,0,0,0,0,2,1,1,1,2,1,1,2,2,1,1,2,2,0,2,1,0
133,0.15555555555555556,1,0,0,1,1,2,0,1,0,0,1,1,0,0,1,1,1,2,0,2,0,0
134,0.48888888888888893,1,0,0,0,1,2,0,0,1,0,1,1,0,0,2,0,0,0,1,1,0,0
135,0.24444444444444446,1,0,0,0,1,4,0,1,0,0,1,1,2,4,1,1,1,2,0,0,2,0
136,0.48888888888888893,1,0,0,1,2,5,0,1,2,1,1,1,0,2,1,1,2,2,1,1,0,0
137,0.26666666666666666,0,0,0,0,0,4,0,1,0,0,1,0,0,2,0,1,1,0,1,1,0,0
138,0.11111111111111112,1,0,0,0,0,4,1,1,0,0,0,1,0,2,1,1,1,1,1,1,0,0
139,0.4666666666666667,1,0,1,1,4,1,0,1,0,0,0,0,0,0,0,1,1,2,1,1,0,0
140,0.4444444444444445,1,1,0,1,4,5,0,0,1,2,2,2,2,3,2,2,1,0,1,0,2,0
141,0.4,1,0,0,0,1,2,1,0,0,1,0,0,0,0,2,1,1,0,1,0,0,0
142,0.33333333333333337,1,0,0,0,0,5,1,0,2,0,0,2,0,0,1,1,1,2,1,1,0,0
143,0.2888888888888889,0,0,1,0,0,5,1,1,0,1,1,0,0,0,0,0,1,1,1,0,0,0
144,0.4444444444444445,1,0,1,1,3,1,0,0,2,2,2,2,0,2,0,0,1,2,0,0,0,0
145,0.15555555555555556,1,0,0,0,1,4,0,1,1,0,1,1,2,0,0,0,0,1,1,1,0,0
146,0.13333333333333333,1,0,0,0,4,4,0,0,1,0,1,1,1,2,2,2,0,0,1,1,1,0
147,0.2888888888888889,1,0,0,1,3,1,0,1,1,2,2,2,0,2,2,1,1,0,1,1,1,1
148,0.26666666666666666,0,0,0,0,0,1,1,1,0,1,1,0,0,0,0,1,0,1,1,0,0,0
149,0.044444444444444446,1,1,1,0,0,0,1,1,0,1,1,2,2,2,0,1,1,1,0,0,0,0
150,0.33333333333333337,1,0,1,0,1,2,0,1,0,1,1,1,0,4,1,1,1,1,1,0,1,0
151,0.24444444444444446,1,0,0,0,3,4,1,1,1,0,1,1,0,0,1,1,2,2,0,2,2,0
152,0.4222222222222222,1,0,0,0,1,4,0,1,0,1,0,0,0,0,1,1,1,1,0,0,0,0
153,0.4444444444444445,1,0,1,1,3,5,0,0,2,2,2,2,2,1,2,0,1,0,1,2,1,1
154,0.17777777777777778,1,0,1,1,4,2,0,0,0,0,1,0,0,1,0,1,1,1,1,0,1,0
155,0.22222222222222224,1,0,1,1,4,5,0,1,0,0,1,0,0,0,1,1,0,1,1,0,0,0
156,0.2,1,0,0,0,2,2,0,0,0,1,1,1,0,0,2,0,1,2,1,0,1,0
157,0.22222222222222224,1,0,0,1,3,2,1,1,1,2,1,1,0,1,0,1,1,2,1,1,0,1
158,0.17777777777777778,1,0,1,1,4,2,0,1,0,1,1,1,0,4,0,1,1,0,1,1,0,1
159,0.4222222222222222,1,0,0,1,4,5,0,0,2,2,2,2,2,2,0,0,1,1,1,0,0,1
160,0.17777777777777778,0,0,1,1,4,3,0,1,2,0,1,1,0,0,2,2,1,1,1,1,0,0
161,0.3111111111111111,1,0,0,0,1,5,0,1,2,0,1,2,0,0,1,1,1,1,1,1,0,0
162,0.2,1,0,1,0,3,4,0,1,0,0,1,1,0,0,0,1,1,2,1,1,0,0
163,0.35555555555555557,0,1,1,1,4,0,0,1,1,2,2,2,2,3,1,1,1,2,1,2,2,0
164,0.22222222222222224,0,1,1,0,0,0,1,1,1,2,1,1,2,2,1,1,2,2,1,0,2,0
165,0.37777777777777777,1,0,0,0,1,2,0,1,1,0,1,1,0,4,0,1,1,1,1,0,0,0
166,0.5555555555555556,1,0,0,0,0,4,0,1,1,2,1,1,0,3,0,1,2,2,1,0,1,0
167,0.13333333333333333,1,1,1,0,4,0,0,1,1,0,1,1,0,3,2,1,0,0,1,0,1,0
168,0.15555555555555556,1,0,0,0,3,1,0,1,0,1,2,0,0,4,0,0,1,1,1,0,0,0
169,0.2,1,0,0,1,4,5,0,1,2,2,0,0,2,2,1,1,2,2,1,1,0,0
170,0.3111111111111111,1,1,0,1,2,4,0,1,0,0,1,1,0,0,0,1,1,2,1,0,0,0
171,0.11111111111111112,1,0,0,1,1,5,0,1,0,1,1,1,0,3,2,0,0,0,0,0,1,0
172,0.13333333333333333,0,0,0,0,0,4,0,1,0,0,1,0,0,0,0,0,1,2,1,0,2,0
173,0.37777777777777777,0,0,1,1,4,5,0,0,2,2,2,1,0,2,1,1,1,2,1,1,1,0
174,0.3111111111111111,1,0,0,0,1,2,0,1,0,1,1,0,0,0,0,1,0,1,1,0,0,0
175,0.24444444444444446,1,0,0,0,0,1,0,0,1,1,1,2,2,2,1,1,1,1,0,0,2,0
176,0.33333333333333337,0,0,0,1,2,4,1,1,2,1,0,0,2,4,1,1,2,2,1,1,2,1
177,0.6222222222222222,0,0,0,1,4,0,0,1,2,0,1,1,2,1,1,1,2,2,1,1,2,0
178,0.35555555555555557,1,0,0,0,0,4,1,1,0,0,1,1,0,4,1,1,2,2,1,0,0,0
179,0.26666666666666666,1,0,0,0,1,4,1,1,1,0,1,1,1,0,0,0,0,2,0,2,1,0
180,0.2,0,1,0,0,4,4,0,0,1,0,1,1,0,2,0,0,1,1,1,1,0,0
181,0.24444444444444446,0,0,0,0,1,2,0,1,0,0,1,0,2,2,1,1,2,2,0,0,0,0
182,0.6222222222222222,1,0,0,1,4,5,0,1,0,1,0,0,0,0,2,2,1,1,1,1,0,0
183,0.5777777777777778,1,0,1,1,2,5,1,1,2,1,1,0,0,3,2,0,0,0,1,1,1,0
184,0.4444444444444445,1,0,0,0,0,3,1,1,2,0,1,1,0,0,2,1,1,0,0,2,1,0
185,0.15555555555555556,1,0,0,0,4,4,0,1,0,0,1,0,0,2,0,1,1,2,0,2,2,0
186,0.2,1,0,0,0,0,4,1,1,1,2,1,1,0,2,1,1,1,0,1,0,2,0
187,0.13333333333333333,1,0,1,0,0,0,1,1,0,0,1,1,0,0,1,1,1,2,0,2,0,0
188,0.4,0,0,1,1,1,5,0,1,2,1,0,1,2,2,0,1,0,0,1,1,0,0
189,0.4666666666666667,0,1,1,1,2,0,1,1,1,2,1,1,2,2,0,0,1,1,1,0,0,1
190,0.24444444444444446,1,0,1,1,4,2,0,1,2,0,1,1,0,2,0,0,1,0,1,0,1,0
191,0.24444444444444446,1,0,0,0,4,2,0,1,1,0,1,1,0,0,2,0,0,0,1,0,0,0
192,0.4,1,0,0,1,3,4,0,1,1,0,1,1,2,0,1,1,1,2,1,1,0,0
193,0.33333333333333337,0,0,0,0,4,1,0,1,1,0,1,1,0,3,2,2,1,0,1,1,1,1
194,0.3111111111111111,1,1,1,0,1,4,0,1,1,0,1,1,0,2,0,0,1,1,1,0,0,0
195,0.4,0,0,0,0,1,3,1,1,0,1,1,1,0,0,0,0,1,0,1,1,0,0
196,0.2,1,0,0,0,3,5,0,1,2,0,1,1,2,2,1,1,1,2,1,0,1,0
197,0.22222222222222224,1,0,1,0,0,4,1,1,2,2,1,1,0,2,0,0,1,1,1,0,2,0
198,0.24444444444444446,1,0,1,1,4,5,0,1,0,0,1,1,0,0,0,0,1,0,1,0,0,0
199,0.22222222222222224,0,0,1,1,4,2,0,1,2,0,1,1,0,4,1,1,1,1,1,1,2,0
200,0.37777777777777777,0,0,0,1,4,3,0,0,2,2,2,2,2,2,0,1,1,2,1,1,2,0
201,0.5333333333333333,1,0,0,1,2,4,1,1,1,1,1,1,0,3,0,0,1,1,0,0,0,0
202,0.4444444444444445,1,0,0,0,4,0,0,1,1,2,1,1,0,3,2,1,0,0,1,2,0,0
203,0.37777777777777777,1,0,1,0,0,1,1,1,0,0,0,0,0,4,1,1,2,2,1,1,2,0
204,0.33333333333333337,1,0,1,1,4,1,1,1,0,1,1,1,0,1,2,0,0,0,1,1,1,1
205,0.08888888888888889,1,0,0,1,4,4,1,1,1,2,1,1,0,1,1,1,1,1,0,0,2,0
206,0.2888888888888889,1,0,0,1,2,2,0,1,1,2,1,1,2,2,0,1,2,2,1,0,0,0
207,0.15555555555555556,1,0,0,0,1,2,0,1,0,1,1,0,0,0,1,1,1,2,1,1,0,0
208,0.2,1,0,0,0,0,1,0,1,1,0,1,1,1,4,2,0,0,0,1,0,0,0
209,0.5111111111111112,0,0,0,0,0,2,0,1,2,2,2,2,2,2,1,1,1,2,1,1,2,0
210,0.4444444444444445,1,0,1,0,4,2,0,0,1,0,1,1,0,0,2,0,1,2,1,0,0,0
211,0.2,1,1,0,1,2,0,1,1,1,0,1,1,0,0,2,1,0,0,1,0,0,0
212,0.33333333333333337,0,0,1,1,4,4,0,1,0,0,1,1,1,0,2,0,1,1,1,0,1,1
213,0.33333333333333337,0,0,0,1,4,1,0,0,2,2,0,0,2,4,1,1,2,2,1,2,2,0
214,0.22222222222222224,0,1,1,1,4,0,1,1,1,0,0,0,0,3,1,1,1,0,1,1,0,0
215,0.2888888888888889,1,1,0,1,2,4,1,1,2,2,1,1,2,3,1,1,1,2,0,2,2,0
216,0.3111111111111111,1,1,0,0,0,4,0,1,2,2,1,0,2,4,1,1,1,1,1,1,2,0
217,0.26666666666666666,0,0,0,1,1,3,0,0,2,0,1,0,0,1,0,1,1,0,1,1,0,0
218,0.5333333333333333,1,0,0,0,0,2,0,1,2,1,1,1,0,4,2,1,0,1,1,1,0,0
219,0.37777777777777777,0,0,0,0,0,4,0,1,2,0,1,1,0,2,1,1,2,2,0,0,2,0
220,0.35555555555555557,1,0,0,0,0,2,0,1,0,0,1,1,0,0,1,1,2,2,2,2,0,0
221,0.24444444444444446,1,0,0,0,3,4,0,1,0,0,1,1,0,0,1,1,1,1,1,0,0,0
222,0.24444444444444446,1,0,0,1,4,5,0,1,1,2,1,1,2,3,2,1,0,1,1,1,1,0
223,0.13333333333333333,1,0,0,0,1,2,0,1,0,1,0,0,0,0,1,1,0,2,1,2,2,0
224,0.15555555555555556,1,0,0,0,0,0,0,1,0,0,0,1,2,4,1,1,2,2,0,2,2,0
225,0.33333333333333337,1,0,0,0,3,0,1,1,1,2,1,1,0,3,1,1,1,2,1,0,2,0
226,0.37777777777777777,1,1,0,0,4,0,1,1,0,1,2,2,0,1,2,2,0,0,1,0,2,0
227,0.15555555555555556,1,0,0,0,1,4,0,1,2,1,1,0,0,4,0,1,1,0,0,0,2,0
228,0.2,1,1,0,1,4,0,0,1,1,2,1,1,0,0,0,1,1,1,1,0,2,0
229,0.4222222222222222,1,0,0,1,4,2,0,1,2,0,1,2,0,0,0,1,1,1,1,0,0,1
230,0.5333333333333333,1,0,0,1,3,3,1,1,2,2,1,0,0,0,0,0,1,0,0,0,1,0
231,0.4666666666666667,1,0,0,1,4,5,0,0,0,1,0,0,0,3,2,1,0,0,1,0,1,0
232,0.4666666666666667,1,0,0,0,4,2,1,1,0,1,1,0,0,0,0,0,1,2,1,0,1,0
233,0.2888888888888889,1,0,0,0,0,2,0,1,0,0,0,0,2,2,1,1,1,1,1,1,2,0
234,0.17777777777777778,1,0,0,0,1,2,0,1,1,0,1,1,0,1,2,0,0,0,1,0,1,0
235,0.4444444444444445,1,0,1,1,2,2,0,1,2,2,1,0,0,0,0,1,1,1,1,2,0,0
236,0.37777777777777777,1,0,1,0,0,4,0,1,1,0,1,1,2,1,1,1,1,2,1,2,1,1
237,0.4444444444444445,0,0,1,1,4,5,0,0,2,2,2,2,2,2,1,1,1,1,1,0,2,0
238,0.24444444444444446,0,0,1,1,4,4,0,0,2,2,2,2,2,0,1,1,1,2,1,1,1,1
239,0.11111111111111112,1,0,0,0,0,4,0,1,0,0,1,1,0,0,1,1,1,2,0,0,1,0
240,0.37777777777777777,1,0,1,1,4,0,0,1,1,0,1,1,0,1,0,1,1,1,1,0,1,1
241,0.35555555555555557,1,0,1,1,4,2,0,1,2,2,2,2,2,2,1,1,1,2,1,1,0,0
242,0.17777777777777778,1,0,0,0,0,4,0,1,1,0,1,1,2,1,0,1,1,2,1,2,1,0
243,0.22222222222222224,1,0,0,0,1,5,1,1,2,2,0,0,2,2,1,1,1,2,0,0,2,0
244,0.5111111111111112,1,0,0,1,4,5,1,1,2,2,2,2,2,0,2,0,0,0,1,0,1,1
245,0.08888888888888889,1,0,0,1,2,4,0,0,0,0,1,0,0,0,0,1,0,0,1,0,0,0
246,0.26666666666666666,1,0,0,0,0,4,0,0,1,0,1,1,2,4,1,1,2,2,0,2,2,0
247,0.33333333333333337,1,0,1,1,4,0,1,1,1,0,1,1,0,0,0,1,2,2,1,2,0,0
248,0.26666666666666666,0,0,1,1,3,3,1,0,2,2,2,0,2,0,0,1,1,0,0,2,0,0
249,0.13333333333333333,1,0,1,1,4,2,1,0,0,0,1,0,2,2,0,1,1,1,1,2,2,0
250,0.24444444444444446,1,0,1,0,0,1,0,1,2,0,1,0,2,2,1,1,1,2,1,0,2,1
251,0.3111111111111111,1,0,1,1,3,1,1,1,2,2,2,0,2,4,1,1,1,2,1,0,2,0
252,0.22222222222222224,1,0,0,0,0,1,0,0,0,1,0,0,1,4,0,0,2,2,1,1,0,0
253,0.15555555555555556,1,0,0,0,4,4,0,1,0,0,0,0,0,0,1,1,2,2,0,0,0,0
254,0.26666666666666666,1,0,0,0,2,4,0,1,1,0,1,1,0,1,2,1,0,0,1,0,0,0
255,0.13333333333333333,0,0,0,1,4,4,0,1,0,1,0,0,0,0,0,0,1,1,1,0,2,0
256,0.5555555555555556,1,0,0,0,1,4,1,1,1,2,1,2,0,2,1,1,1,2,1,1,2,0
257,0.15555555555555556,1,0,0,0,0,0,0,1,1,0,1,1,0,0,2,1,1,1,1,2,1,0
258,0.17777777777777778,1,0,1,1,2,4,0,1,1,2,1,1,1,3,2,0,0,0,1,2,1,1
259,0.22222222222222224,0,0,0,1,3,4,0,1,2,0,1,1,2,0,0,0,2,0,1,0,0,0
260,0.22222222222222224,1,0,0,0,4,4,1,1,1,2,1,1,1,3,2,2,1,1,1,0,1,0
261,0.2888888888888889,1,0,0,1,4,1,1,1,2,2,1,2,2,0,1,1,2,2,0,1,2,0
262,0.26666666666666666,1,0,1,1,3,4,0,1,1,2,1,1,2,3,0,1,1,1,1,2,1,0
263,0.5777777777777778,1,1,0,0,0,4,1,1,1,1,1,1,0,2,0,1,2,2,2,2,0,0
264,0.33333333333333337,1,0,0,0,0,4,0,1,1,2,1,0,0,4,1,1,1,2,1,0,0,0
265,0.5333333333333333,1,0,0,1,4,2,1,1,2,2,0,1,0,4,1,1,2,2,2,2,2,0
266,0.33333333333333337,1,1,1,1,4,0,1,1,0,1,0,0,0,4,0,0,2,1,0,0,0,1
267,0.4444444444444445,0,0,1,1,2,2,0,1,2,2,1,1,2,0,0,1,1,1,1,2,0,0
268,0.33333333333333337,1,0,0,0,1,4,1,1,1,0,1,1,0,4,1,1,2,2,1,1,0,0
269,0.2888888888888889,1,1,0,0,4,0,1,1,1,0,1,1,0,1,1,1,1,1,1,0,1,0
270,0.13333333333333333,0,0,1,1,1,1,0,0,2,0,0,0,2,0,1,1,1,2,0,0,2,0
271,0.2888888888888889,1,0,0,0,0,5,0,1,2,2,2,2,2,4,1,1,1,2,1,1,2,0
272,0.37777777777777777,1,0,0,0,4,2,0,1,1,2,1,1,0,2,0,0,2,1,1,1,0,0
273,0.4666666666666667,1,0,0,1,3,2,1,1,2,0,1,1,0,0,2,1,0,0,1,0,1,0
274,0.35555555555555557,1,0,0,0,0,1,0,1,2,0,2,2,2,0,1,1,1,2,1,1,0,0
275,0.37777777777777777,1,0,0,0,0,2,0,0,2,0,1,1,0,0,0,1,1,0,1,1,0,0
276,0.24444444444444446,1,0,0,0,4,4,0,1,1,2,1,1,0,2,0,0,0,1,1,1,0,0
277,0.24444444444444446,1,0,0,1,3,1,0,0,2,2,2,0,0,4,0,1,1,1,1,1,2,0
278,0.13333333333333333,1,0,1,0,4,1,0,1,0,0,1,0,0,0,0,1,1,0,1,0,1,0
279,0.11111111111111112,1,1,1,1,4,4,1,1,0,1,2,2,0,2,0,1,1,2,1,2,1,1
280,0.22222222222222224,1,0,0,0,1,4,0,1,1,0,1,1,2,0,2,1,0,0,1,0,0,0
281,0.022222222222222223,1,0,0,1,4,4,0,1,0,0,1,0,0,0,2,1,0,0,1,0,0,0
282,0.4,1,0,1,1,4,2,0,1,2,2,1,1,2,1,2,1,0,1,1,0,0,0
283,0.17777777777777778,1,0,0,0,0,1,0,0,0,1,1,1,0,0,1,1,1,1,1,2,1,0
284,0.22222222222222224,1,0,1,1,4,4,0,1,1,0,1,1,2,2,0,0,2,2,2,2,2,0
285,0.2,0,0,1,1,3,5,0,1,2,1,0,0,0,0,0,1,1,1,1,1,0,0
286,0.022222222222222223,1,0,0,0,1,2,0,1,0,1,0,0,0,4,1,1,1,1,1,0,2,0
287,0.4666666666666667,0,0,0,1,4,0,0,1,1,2,1,1,0,0,1,0,1,0,1,1,0,1
288,0.2,0,0,1,1,3,5,1,1,2,2,2,0,0,2,0,1,1,0,1,1,0,0
289,0.2888888888888889,1,1,0,0,1,0,0,1,1,0,1,1,1,2,1,1,2,2,1,1,2,0
290,0.4,1,0,0,0,1,5,0,1,0,0,1,0,0,0,2,0,1,1,1,1,0,0
291,0.6222222222222222,1,0,1,1,4,5,0,1,2,2,0,0,2,0,0,1,1,1,1,0,0,0
292,0.33333333333333337,1,0,0,0,1,5,0,1,2,0,1,0,0,0,0,1,1,1,1,1,0,0
293,0.8444444444444444,1,0,0,1,1,5,0,1,2,1,0,0,0,0,1,0,2,1,1,0,0,0
294,0.15555555555555556,0,0,0,0,0,3,0,1,0,1,1,0,0,0,0,0,1,0,1,0,1,0
295,0.2888888888888889,0,0,1,1,4,2,0,1,2,2,2,0,0,4,1,1,2,2,1,2,2,0
296,0.9111111111111111,1,0,0,0,0,5,0,1,2,0,0,2,0,0,1,1,1,2,0,0,2,0
297,0.35555555555555557,1,0,1,1,4,5,0,1,2,0,2,2,0,0,2,1,0,0,1,0,0,0
298,0.4444444444444445,1,0,0,0,1,5,0,1,2,2,2,2,0,0,1,1,1,2,0,0,0,0
299,0.13333333333333333,0,0,0,1,4,5,0,1,2,2,2,2,0,0,1,1,1,1,1,1,2,0
300,0.3111111111111111,0,0,0,1,4,5,0,1,2,1,0,0,2,2,1,1,2,2,1,1,2,0
301,0.2,1,0,0,0,3,1,0,1,2,1,1,0,0,0,1,1,1,2,1,0,0,0
302,0.24444444444444446,0,0,1,1,2,1,1,0,2,2,2,2,2,2,2,1,1,2,1,1,2,0
303,0.4444444444444445,0,0,0,1,3,5,0,1,2,2,0,2,0,2,1,1,1,2,1,1,2,0
304,0.2,1,0,1,1,2,4,0,1,2,0,1,0,0,0,0,1,1,1,0,0,2,0
305,0.2888888888888889,2,0,1,1,3,2,0,1,2,1,1,1,0,2,0,1,1,2,1,1,0,0
306,0.2,1,0,0,0,0,2,0,1,1,0,1,1,0,0,1,1,1,1,1,1,0,1
307,0.17777777777777778,1,0,0,0,0,2,1,1,0,1,1,0,0,0,1,1,1,2,1,1,0,0
308,0.22222222222222224,1,0,0,0,4,1,0,1,2,1,2,2,0,0,0,1,1,2,1,0,0,0
309,0.17777777777777778,1,0,0,1,2,4,1,0,0,0,1,0,0,1,2,0,0,0,1,0,0,0
310,0.4,1,0,0,1,3,1,0,1,2,1,0,2,0,0,1,1,1,2,1,1,0,0
311,0.4222222222222222,1,1,0,1,1,0,0,1,1,2,1,1,0,2,0,1,1,2,1,1,2,0
312,0.2,1,0,1,1,4,5,0,1,2,1,1,0,0,0,2,1,0,0,1,1,1,0
313,0.22222222222222224,1,0,1,0,0,5,0,1,0,0,0,0,0,4,1,1,2,2,0,0,2,0
314,0.2888888888888889,1,0,0,0,0,4,0,0,0,1,1,0,0,0,0,0,1,1,1,1,0,0
315,0.26666666666666666,1,0,0,0,0,1,0,0,0,1,1,0,0,0,0,1,0,0,1,0,0,0
316,0.17777777777777778,1,0,0,0,1,5,0,0,2,2,2,2,2,4,1,1,1,2,0,0,2,0
317,0.11111111111111112,0,0,1,1,2,5,0,1,2,2,2,2,2,2,0,1,0,1,1,1,2,1
318,0.26666666666666666,1,0,0,0,0,2,0,1,1,2,1,1,0,2,0,0,1,1,1,1,0,0
319,0.5333333333333333,1,0,1,1,3,1,1,1,2,2,0,2,2,2,1,1,1,2,0,0,2,0
320,0.26666666666666666,1,0,0,1,4,5,0,1,2,0,1,0,0,0,2,1,1,1,1,0,1,0
321,0.33333333333333337,1,0,0,0,1,3,0,1,2,1,0,2,2,2,1,1,1,2,0,0,2,0
322,0.15555555555555556,0,0,1,1,4,5,0,1,2,2,1,2,2,0,0,1,1,0,1,0,0,0
323,0.17777777777777778,1,0,0,1,3,4,0,1,2,0,0,1,0,0,0,1,0,0,1,1,0,0
324,0.17777777777777778,1,0,0,0,0,5,0,1,0,1,0,0,0,0,0,1,0,0,1,0,0,0
325,0.2888888888888889,0,0,0,0,1,5,0,1,2,2,2,2,2,2,0,0,0,1,1,1,0,0
326,0.17777777777777778,1,0,1,1,4,5,0,1,0,1,0,2,0,0,1,1,2,2,1,1,2,0
327,0.2888888888888889,1,1,0,0,1,0,1,1,1,2,1,1,0,0,0,1,1,1,1,0,0,0
328,0.35555555555555557,1,1,1,1,3,0,0,0,1,0,1,1,0,1,2,2,0,0,0,1,2,1
329,0.15555555555555556,1,0,0,0,0,2,0,1,2,1,2,2,2,4,1,1,1,1,1,0,2,0
330,0.17777777777777778,1,0,1,1,4,5,0,1,2,2,1,0,0,0,2,0,1,0,1,1,1,0
331,0.3111111111111111,1,0,0,0,0,1,0,0,0,0,1,1,2,2,0,1,0,0,1,2,1,0
332,0.6222222222222222,1,1,0,1,2,0,0,1,1,0,1,1,0,3,1,1,0,0,1,1,0,0
333,0.26666666666666666,1,0,0,0,0,4,1,0,1,2,1,1,0,0,0,0,1,1,0,0,1,0
334,0.6444444444444445,1,0,0,0,1,2,0,1,2,1,2,0,0,4,1,1,1,1,0,0,0,0
335,0.2888888888888889,1,0,0,1,4,2,0,1,0,0,1,0,0,0,2,0,0,0,1,0,0,0
336,0.26666666666666666,0,1,0,0,4,5,0,1,2,1,0,1,0,4,0,0,1,1,1,1,0,0
337,0.15555555555555556,1,0,0,0,0,5,0,1,2,2,0,0,2,0,2,1,0,0,1,0,0,0
338,0.26666666666666666,1,0,0,0,0,2,0,1,2,2,2,2,2,4,1,1,1,2,1,0,2,0
339,0.4,1,0,0,0,0,2,0,0,0,1,1,0,0,0,1,1,2,2,1,1,1,0
340,0.35555555555555557,0,0,1,0,4,2,1,1,1,2,1,1,0,3,2,0,1,1,1,0,1,0
341,0.22222222222222224,1,0,0,0,4,5,0,1,0,1,0,0,0,4,2,1,0,0,1,0,1,0
342,0.4222222222222222,1,0,0,0,0,5,0,1,0,1,0,0,0,0,0,1,1,1,1,1,0,0
343,0.35555555555555557,1,0,0,0,3,0,1,1,0,0,1,1,0,0,2,0,0,0,1,0,1,0
344,0.17777777777777778,0,0,1,1,4,2,0,1,2,2,1,1,2,0,1,1,1,2,1,1,0,0
345,0.13333333333333333,1,0,1,1,4,1,0,0,0,0,1,1,0,0,1,1,2,2,0,2,0,0
346,0.8,1,0,1,1,1,5,0,1,0,0,2,2,0,0,1,1,0,2,1,1,0,0
347,0.11111111111111112,1,0,0,0,4,5,0,1,0,0,0,0,0,0,0,1,1,0,1,0,0,0
348,0.17777777777777778,2,0,1,1,4,5,0,1,2,2,0,0,0,0,0,1,1,1,1,1,2,0
349,0.26666666666666666,1,0,0,0,2,4,0,0,0,0,1,1,0,0,0,1,2,2,0,0,0,0
350,0.22222222222222224,1,0,0,1,4,5,0,1,2,2,2,2,2,0,1,1,0,0,1,2,2,0
351,0.2888888888888889,1,0,0,0,1,4,0,1,1,0,1,0,0,4,1,1,1,2,1,0,2,0
352,0.2,1,0,1,1,2,5,0,1,2,1,0,2,0,0,0,1,1,0,1,1,0,0
353,0.17777777777777778,0,0,1,0,4,4,0,1,2,2,2,1,0,2,1,1,1,2,1,1,1,0
354,0.3111111111111111,1,0,0,1,4,3,0,0,1,2,1,0,2,0,1,1,1,0,1,1,1,0
355,0.35555555555555557,1,0,1,1,4,2,0,1,0,1,1,1,0,0,0,1,1,1,1,1,0,0
356,0.37777777777777777,1,0,1,1,4,5,0,1,2,2,0,2,2,0,0,0,0,0,1,1,0,0
357,0.37777777777777777,1,0,0,1,4,1,1,1,1,0,1,1,0,2,2,2,1,1,1,0,0,0
358,0.26666666666666666,1,1,0,0,0,0,1,1,1,2,1,1,2,4,1,1,2,2,0,0,2,0
359,0.35555555555555557,0,0,0,0,0,4,0,1,1,0,1,1,0,1,0,1,1,1,1,1,0,0
360,0.37777777777777777,1,1,1,1,3,2,1,1,1,0,1,0,0,1,1,1,2,2,1,0,2,0
361,0.2,1,1,1,1,3,1,1,0,1,0,1,0,1,0,0,1,1,2,1,2,1,0
362,0.33333333333333337,1,0,1,1,3,5,0,0,2,2,2,2,2,0,1,1,1,2,1,2,2,0
363,0.24444444444444446,1,0,1,1,4,5,0,1,0,1,1,0,0,1,0,0,0,0,1,1,1,0
364,0.4,1,0,1,0,0,5,0,1,2,0,2,2,2,4,1,1,1,2,1,1,0,0
365,0.4222222222222222,1,0,1,1,2,1,0,1,1,2,1,1,2,4,1,1,1,1,1,1,0,0
366,0.08888888888888889,1,0,1,1,3,1,0,1,2,0,1,0,2,0,1,1,2,2,0,0,0,0
367,0.08888888888888889,1,0,0,1,4,4,0,0,0,1,1,1,1,4,2,1,1,0,1,0,1,0
368,0.11111111111111112,0,0,0,0,0,5,0,1,2,0,2,2,2,2,1,1,0,1,1,1,2,0
369,0.5333333333333333,1,0,1,1,2,5,0,1,2,0,2,2,0,1,0,1,2,1,1,0,1,1
370,0.8222222222222223,1,0,1,1,3,5,0,1,2,2,2,2,2,4,1,1,2,2,1,1,2,0
371,0.33333333333333337,0,0,0,1,4,2,0,1,2,2,2,2,2,2,0,1,1,2,1,0,2,0
372,0.08888888888888889,0,0,1,1,3,2,0,1,0,1,0,1,0,2,2,1,1,0,1,2,0,0
373,0.6222222222222222,1,0,0,1,1,2,1,1,2,2,0,0,0,0,0,1,0,1,1,0,0,0
374,0.22222222222222224,0,0,0,1,3,5,0,1,2,2,1,1,2,0,2,0,0,0,1,1,1,0
375,0.17777777777777778,0,0,1,1,4,2,1,1,0,0,1,1,0,0,0,1,1,2,1,1,2,0
376,0.37777777777777777,0,0,1,1,3,5,0,0,2,2,2,2,2,3,0,0,1,1,1,1,2,0
377,0.2,0,0,1,1,1,5,0,1,2,2,1,2,2,0,0,1,0,0,1,1,0,0
378,0.5333333333333333,1,0,0,1,1,3,0,1,2,1,1,0,0,2,1,1,1,1,1,1,0,0
379,0.22222222222222224,1,0,0,1,3,5,0,1,2,0,2,2,2,0,1,1,1,2,1,0,2,0
380,0.3111111111111111,1,0,1,1,4,2,1,1,2,0,1,1,0,0,1,1,2,2,1,1,0,0
381,0.17777777777777778,1,0,1,1,2,2,1,1,1,0,1,1,2,2,1,1,2,2,1,2,1,0
382,0.2,1,0,0,1,4,4,0,1,0,0,1,1,0,0,2,2,1,0,1,1,1,0
383,0.22222222222222224,0,0,1,1,3,5,1,1,2,2,1,0,0,0,0,0,0,2,1,1,0,0
384,0.5555555555555556,1,0,0,0,1,3,0,1,0,1,1,1,0,0,1,1,1,2,0,0,0,0
385,0.26666666666666666,2,1,1,1,4,0,1,1,2,2,1,1,0,3,2,1,1,0,1,0,1,0
386,0.17777777777777778,0,0,0,1,4,4,0,1,0,1,1,1,0,1,2,1,1,0,1,0,0,0
387,0.35555555555555557,0,0,1,1,3,5,0,1,2,2,1,2,2,0,0,1,1,0,1,2,0,0
388,0.5111111111111112,0,0,1,1,3,5,0,0,2,0,0,0,0,2,0,0,0,0,1,1,0,0
389,0.3111111111111111,1,0,0,0,1,5,0,1,0,0,1,0,0,2,2,1,1,0,1,1,0,0
390,0.2,1,0,1,1,2,2,1,1,0,0,0,0,0,4,1,1,2,2,1,1,2,0
391,0.15555555555555556,0,0,1,0,0,3,0,0,1,0,1,1,1,3,2,0,0,0,1,0,1,1
392,0.26666666666666666,1,0,0,0,1,5,0,0,2,1,1,0,0,0,0,1,1,1,1,1,0,0
393,0.6888888888888889,1,0,0,0,0,2,0,1,0,0,1,1,0,0,0,0,0,0,1,1,1,0
394,0.4,1,0,0,0,4,4,0,1,1,0,1,1,0,3,0,0,1,2,1,0,1,1
395,0.33333333333333337,0,0,0,0,1,1,0,1,0,1,1,1,0,0,0,1,0,1,1,0,0,0
396,0.26666666666666666,1,0,0,1,4,1,0,1,0,1,0,0,2,2,0,1,1,1,1,0,2,0
397,0.2,1,0,1,1,2,4,0,1,2,2,1,1,0,1,0,1,1,2,1,1,1,0
398,0.24444444444444446,1,0,1,1,4,2,0,1,2,2,1,1,0,0,0,1,1,0,1,0,1,0
399,0.13333333333333333,1,0,0,0,0,5,0,1,0,0,1,0,0,0,1,1,1,2,1,0,1,0
400,0.4,1,0,1,1,4,1,0,1,2,2,1,1,0,3,0,0,1,1,1,0,1,1
401,0.26666666666666666,1,0,1,1,4,2,0,1,0,0,1,1,0,4,0,1,1,1,0,0,0,0
402,0.2,1,0,1,0,0,4,0,1,2,2,1,2,2,4,1,1,1,2,0,0,1,0
403,0.35555555555555557,1,0,1,1,1,2,1,1,2,2,2,2,0,0,2,0,2,1,1,1,2,0
404,0.35555555555555557,1,0,0,0,0,5,1,1,0,0,0,0,0,0,2,1,1,0,1,0,2,0
405,0.11111111111111112,1,1,0,0,1,4,1,1,0,0,1,1,0,2,1,1,2,2,0,1,0,0
406,0.2888888888888889,0,0,1,0,0,3,0,1,1,0,1,1,0,0,2,0,0,0,1,1,0,0
407,0.35555555555555557,1,0,1,1,2,5,1,1,2,2,1,1,0,2,2,1,0,0,1,1,1,0
408,0.3111111111111111,0,0,1,1,3,5,0,0,0,1,1,0,0,3,2,0,0,0,1,0,1,0
409,0.08888888888888889,1,0,1,0,1,5,0,1,0,1,0,0,0,0,1,1,1,1,1,0,0,1
410,0.3111111111111111,2,0,1,1,4,5,0,1,0,0,1,1,0,0,2,0,0,0,1,2,2,0
411,0.2,0,0,0,1,4,1,1,1,0,1,0,0,0,1,1,1,1,1,1,1,2,0
412,0.2888888888888889,1,0,1,0,2,4,0,1,0,0,1,0,0,2,0,1,1,2,1,1,0,0
413,0.2888888888888889,2,0,1,1,4,1,0,1,0,1,1,1,0,1,1,1,2,2,0,0,1,0
414,0.13333333333333333,1,0,0,0,0,4,0,1,1,0,1,1,0,0,1,1,1,2,0,0,1,0
415,0.37777777777777777,1,0,0,0,1,4,0,1,1,0,1,1,0,2,1,1,2,2,1,0,0,0
416,0.8222222222222223,1,0,1,1,4,0,1,1,1,2,1,0,0,0,2,0,0,0,1,1,1,1
417,0.24444444444444446,1,0,1,1,3,0,1,1,2,0,1,1,2,4,1,1,2,2,1,1,2,0
418,0.2,1,0,0,0,0,2,1,1,0,0,0,1,0,0,1,1,1,0,1,2,0,0
419,0.24444444444444446,1,0,1,1,4,4,1,1,2,2,2,1,0,4,1,1,2,2,2,2,2,0
420,0.33333333333333337,1,0,1,1,4,4,0,1,1,0,1,0,0,2,1,1,1,2,1,1,0,0
421,0.24444444444444446,0,0,0,1,3,5,0,0,2,2,1,0,0,0,0,1,0,0,1,1,0,0
422,0.08888888888888889,1,0,0,0,4,4,0,0,0,1,1,2,2,0,1,1,1,1,0,0,2,0
423,0.15555555555555556,1,0,1,1,4,1,0,1,1,2,1,1,0,1,2,1,1,1,1,0,1,1
424,0.2,0,0,0,0,0,5,0,0,2,1,2,0,0,0,0,1,1,0,1,1,0,0
425,0.13333333333333333,1,0,0,0,0,5,0,0,2,0,1,1,0,0,1,1,2,0,1,2,0,0
426,0.15555555555555556,0,0,0,0,0,5,0,1,2,2,2,2,2,2,1,1,1,1,2,2,2,0
427,0.24444444444444446,1,1,0,0,1,1,1,1,0,0,1,1,0,2,0,1,1,2,1,1,2,0
428,0.15555555555555556,0,0,1,1,3,4,0,1,1,0,1,1,0,4,2,1,0,1,1,2,2,0
429,0.35555555555555557,1,1,0,1,2,0,1,1,1,0,1,1,2,2,2,0,1,1,2,2,0,0
430,0.37777777777777777,1,0,0,0,4,2,0,1,0,0,1,1,0,0,0,1,2,2,1,0,0,0
431,0.22222222222222224,0,0,0,1,4,2,0,1,0,1,1,1,0,1,0,0,1,1,1,1,0,0
432,0.24444444444444446,1,0,0,0,1,4,0,1,0,0,1,0,0,0,1,1,1,2,1,1,0,0
433,0.2,1,0,0,0,0,5,0,1,0,1,0,0,0,0,1,1,1,2,1,1,0,1
434,0.06666666666666667,1,0,0,0,0,1,1,1,0,1,0,0,2,4,1,1,1,2,1,1,0,0
435,0.13333333333333333,0,0,0,1,4,2,0,1,2,2,1,0,0,0,0,1,1,0,1,0,0,0
436,0.26666666666666666,1,0,1,1,3,0,1,1,2,2,2,2,2,2,1,1,2,2,0,0,2,0
437,0.2,1,0,1,0,4,4,0,1,1,0,1,1,0,0,0,0,0,0,1,0,1,0
438,0.4222222222222222,1,0,0,0,3,5,1,1,2,0,2,0,0,2,0,1,0,0,1,1,0,0
439,0.5333333333333333,1,0,0,1,4,5,0,1,2,2,2,2,2,0,0,1,1,2,0,2,2,1
440,0.35555555555555557,0,0,0,0,0,1,1,1,2,0,0,1,0,0,1,1,1,2,1,1,2,0
441,0.13333333333333333,1,0,1,1,4,4,0,1,2,2,1,1,2,4,1,1,2,2,1,1,2,0
442,0.48888888888888893,1,0,1,0,2,5,0,1,2,0,1,0,0,0,2,1,1,1,1,0,1,1
443,0.37777777777777777,1,0,1,0,0,5,0,1,2,1,0,0,0,0,0,1,1,1,1,0,0,1
444,0.2,0,0,0,1,4,1,0,1,2,2,1,1,0,1,2,0,1,1,1,1,1,1
445,0.15555555555555556,1,0,0,1,3,2,0,1,2,2,2,1,0,0,1,1,1,2,1,1,0,0
446,0.4444444444444445,1,0,1,1,3,5,0,0,2,2,2,2,0,0,0,0,1,1,1,1,0,0
447,0.5777777777777778,1,1,1,1,2,4,1,1,2,2,1,1,2,4,1,1,2,2,0,0,2,0
448,0.5111111111111112,2,0,1,0,1,5,0,1,2,2,2,0,2,0,2,0,0,1,1,0,2,0
449,0.2888888888888889,1,0,1,1,2,5,0,1,2,2,2,1,0,3,2,1,1,0,1,1,1,1
450,0.37777777777777777,1,0,0,1,4,4,0,1,0,1,1,1,0,0,2,2,1,0,1,1,0,0
451,0.22222222222222224,1,0,1,1,4,1,0,1,0,1,1,0,0,0,2,1,0,0,1,2,0,0
452,0.4222222222222222,1,0,0,0,4,5,0,1,0,0,1,1,2,2,1,1,2,2,0,2,0,0
453,0.22222222222222224,1,0,0,0,3,4,0,1,1,2,1,1,0,2,0,1,1,1,1,0,1,0
454,0.4,1,0,1,0,1,1,0,1,2,0,1,1,2,0,2,1,0,0,1,0,0,0
455,0.33333333333333337,1,0,0,0,1,4,0,1,1,0,1,1,0,0,0,1,1,0,1,2,2,0
456,0.4444444444444445,1,0,0,0,0,3,0,1,2,0,1,1,0,0,0,0,1,1,1,1,0,0
457,0.26666666666666666,1,0,0,0,0,2,0,1,0,0,0,0,0,0,1,1,1,2,0,0,2,0
458,0.35555555555555557,0,0,0,0,1,3,0,1,2,1,2,2,0,4,0,1,1,2,1,1,2,0
459,0.24444444444444446,1,0,0,0,4,4,1,1,1,2,1,1,0,2,2,0,1,0,1,1,0,0
460,0.2,0,0,1,0,1,2,0,1,0,1,1,1,0,1,0,0,1,0,1,0,1,0
461,0.22222222222222224,1,0,1,1,4,4,1,1,0,0,2,0,0,2,2,1,1,2,1,0,2,0
462,0.4666666666666667,1,1,0,1,4,2,1,1,1,0,1,1,2,2,0,0,1,2,1,0,2,0
463,0.8666666666666667,1,0,1,1,3,5,0,1,2,2,1,1,0,0,0,1,1,2,1,0,1,0
464,0.24444444444444446,1,0,0,1,4,5,0,1,1,0,1,1,1,3,2,0,0,1,1,0,1,0
465,0.2,1,0,0,0,1,4,0,1,1,2,1,1,0,0,0,1,2,2,0,0,1,0
466,0.5555555555555556,0,0,0,1,3,1,1,1,2,2,1,1,2,0,2,1,1,0,1,0,0,0
467,0.3111111111111111,1,0,0,1,4,1,1,1,2,2,2,2,2,4,1,1,1,2,1,1,2,0
468,0.888888888888889,1,0,0,1,3,5,0,1,2,2,2,2,2,2,0,1,1,2,1,2,2,0
469,0.26666666666666666,1,0,0,0,4,4,0,1,0,0,1,1,0,3,2,1,0,0,1,0,1,0
470,0.48888888888888893,0,0,0,1,4,5,0,1,2,2,1,2,0,0,2,1,1,1,1,0,1,1
471,0.37777777777777777,1,0,0,0,4,4,1,1,0,0,1,1,0,3,0,1,1,2,1,0,0,0
472,0.8666666666666667,1,0,0,1,4,5,0,1,2,1,2,2,0,0,0,0,0,0,1,0,0,0
473,0.22222222222222224,1,0,1,1,4,4,0,1,1,1,1,1,0,1,2,0,1,0,1,1,1,1
474,0.13333333333333333,1,1,1,1,2,2,1,1,0,0,0,0,0,0,1,0,2,2,0,2,0,0
475,0.022222222222222223,1,0,0,0,0,3,1,0,0,0,1,0,0,4,2,1,0,0,1,0,0,0
476,0.2888888888888889,0,0,0,0,0,1,0,1,0,1,1,1,0,0,0,1,1,2,1,0,0,0
477,0.13333333333333333,1,0,0,0,1,2,0,0,0,1,0,0,0,0,1,1,2,2,0,2,2,0
478,0.5777777777777778,1,0,0,1,4,5,0,1,2,2,2,2,2,2,2,0,0,0,1,2,0,0
479,0.022222222222222223,0,0,1,1,4,0,1,1,0,1,0,0,0,0,0,0,1,1,0,0,0,0
480,0.26666666666666666,1,0,0,1,3,4,0,1,2,2,1,1,0,0,0,1,1,0,1,0,0,0
481,0.6888888888888889,1,0,0,0,1,4,0,1,0,0,1,0,0,0,0,1,0,0,1,0,0,0
482,0.5777777777777778,1,0,0,1,4,2,0,0,1,2,0,1,0,2,0,1,1,1,1,2,1,1
483,0.24444444444444446,0,0,1,1,4,2,0,1,0,1,1,1,0,0,2,0,1,0,1,0,0,0
484,0.2888888888888889,1,1,1,1,2,0,1,1,1,2,1,1,2,4,1,1,2,2,1,1,2,0
485,0.2,1,0,0,0,4,4,0,1,1,0,1,1,2,4,0,1,1,2,1,0,2,0
486,0.35555555555555557,1,0,0,0,1,4,0,0,1,0,1,1,0,0,0,0,1,1,1,1,1,0
487,0.3111111111111111,1,0,0,0,0,5,0,1,2,1,0,0,2,0,1,1,0,1,1,1,2,0
488,0.2888888888888889,1,0,0,0,3,1,0,0,0,1,1,1,0,0,1,1,1,1,1,1,0,0
489,0.22222222222222224,1,0,0,0,0,2,0,1,1,0,1,1,0,1,2,1,1,0,1,0,1,1
490,0.15555555555555556,0,1,1,1,4,0,1,1,1,0,0,0,0,0,1,1,1,1,1,1,0,1
491,0.17777777777777778,1,0,0,0,0,2,0,1,0,1,0,0,0,0,0,1,1,0,1,1,0,0
492,0.13333333333333333,0,0,1,1,2,5,0,1,2,1,0,1,0,0,0,1,1,1,1,1,2,1
493,0.4222222222222222,1,0,0,1,4,5,0,0,2,1,1,1,0,1,2,0,1,0,1,1,1,1
494,0.17777777777777778,0,1,1,1,2,0,1,1,0,1,1,1,2,1,2,1,1,0,1,0,1,1
495,0.8,1,0,0,1,4,5,1,0,1,2,2,2,2,4,1,1,2,2,0,0,1,0
496,0.37777777777777777,1,0,0,0,3,4,0,1,0,1,0,0,0,2,1,1,1,1,1,0,2,0
497,0.4666666666666667,0,0,0,1,0,2,0,1,2,2,1,1,2,0,0,0,0,0,1,1,1,0
498,0.5111111111111112,1,1,1,0,0,5,0,1,1,0,1,1,1,0,2,0,1,0,1,0,1,1
499,0.33333333333333337,1,0,0,0,0,2,0,1,1,1,1,0,0,0,1,1,0,1,1,0,0,0
500,0.17777777777777778,1,0,0,0,1,5,0,0,0,1,0,2,0,0,1,1,2,2,1,2,0,0
501,0.4,0,0,0,1,4,1,0,1,1,2,1,1,0,0,2,0,0,0,1,0,1,0
502,0.6444444444444445,1,0,0,1,4,5,0,1,2,2,2,2,0,0,0,1,1,0,1,1,2,0
503,0.5555555555555556,1,0,0,0,1,1,0,0,2,0,2,1,0,3,0,1,2,2,0,2,1,0
504,0.33333333333333337,1,0,1,1,4,4,1,1,2,0,1,1,0,0,1,1,2,2,0,0,2,0
505,0.6666666666666667,1,0,1,1,4,5,0,1,2,2,2,2,0,4,1,1,1,2,1,2,2,0
506,0.11111111111111112,1,0,0,0,0,5,0,1,2,1,2,0,2,0,1,1,1,2,1,0,2,0
507,0.35555555555555557,0,0,0,1,4,3,1,1,2,2,2,2,0,4,1,1,1,1,1,1,0,0
508,0.17777777777777778,0,0,0,0,4,4,0,1,1,0,1,1,1,2,0,1,1,0,1,1,2,0
509,0.26666666666666666,1,0,0,0,0,5,0,1,0,1,1,0,0,0,0,1,0,0,1,0,0,0
510,0.48888888888888893,1,0,0,0,1,2,0,1,2,2,2,2,2,4,1,1,2,2,1,1,2,0
511,0.4666666666666667,1,0,1,1,4,5,0,1,2,1,2,2,2,0,2,1,0,0,1,1,1,0
512,0.5777777777777778,1,0,0,0,0,4,1,1,0,0,1,0,0,0,0,1,1,0,1,1,0,0
513,0.6444444444444445,1,0,0,1,3,3,1,1,2,1,2,2,2,0,1,1,1,2,1,0,2,0
514,0.4666666666666667,0,0,1,1,4,5,0,0,2,2,2,2,2,4,0,1,2,2,1,1,1,1
515,0.35555555555555557,1,0,0,1,4,4,0,1,2,2,1,1,2,4,2,2,1,1,1,0,1,0
516,0.37777777777777777,1,0,1,1,2,2,0,1,1,2,1,1,2,4,0,0,2,2,1,1,1,0
517,0.9555555555555556,1,0,0,0,1,5,0,1,2,2,0,2,0,0,0,1,1,2,0,0,2,0
518,0.13333333333333333,0,0,0,0,0,5,0,0,0,1,0,0,2,0,0,0,1,1,1,1,0,0
519,0.4,1,0,0,0,0,5,0,0,1,0,1,1,0,0,0,0,0,0,1,1,1,0
520,0.17777777777777778,1,0,1,0,3,2,1,1,0,1,0,0,0,0,0,2,0,0,1,1,0,1
521,0.4222222222222222,1,1,1,1,4,0,1,1,0,2,0,1,2,1,0,1,1,2,1,2,2,0
522,0.5333333333333333,0,0,1,1,3,3,1,1,2,2,2,2,2,4,0,0,1,1,1,1,2,0
523,0.15555555555555556,1,1,0,0,4,0,0,1,2,2,0,0,2,2,1,1,1,1,0,0,2,0
524,0.7555555555555555,1,0,0,1,4,2,1,1,1,2,2,1,1,1,2,2,0,0,1,1,0,1
525,0.26666666666666666,1,0,0,1,4,4,0,1,2,2,1,2,2,4,1,1,0,1,1,1,2,0
526,0.3111111111111111,0,1,1,1,4,1,1,1,0,1,0,0,0,0,0,0,1,2,1,1,2,0
527,0.22222222222222224,1,0,0,0,0,4,0,1,1,0,1,1,0,0,1,1,1,2,1,2,0,0
528,0.3111111111111111,1,0,0,1,3,1,0,1,2,2,2,2,0,2,1,1,2,2,2,2,1,0
529,0.22222222222222224,0,1,1,0,4,0,1,1,1,0,1,1,1,3,2,0,0,0,1,0,1,0
530,0.13333333333333333,1,0,0,0,3,4,0,1,0,0,1,0,0,4,1,1,1,2,0,0,2,0
531,0.08888888888888889,1,0,0,0,1,2,0,1,0,1,0,1,0,0,2,0,0,0,1,0,0,0
532,0.22222222222222224,0,0,1,1,4,4,0,1,1,2,1,1,1,1,2,1,1,1,1,1,1,0
533,0.48888888888888893,1,0,1,1,2,2,1,1,2,2,2,2,0,2,2,1,1,2,1,1,1,0
534,0.2,1,0,1,1,1,5,0,1,0,0,1,0,0,0,0,1,0,0,1,1,1,0
535,0.22222222222222224,1,0,0,0,1,4,0,1,0,0,1,1,0,0,0,0,1,1,1,1,0,0
536,0.11111111111111112,0,0,1,1,4,3,0,1,2,2,1,0,0,0,1,1,1,1,1,1,1,1
537,0.2,0,0,1,1,2,1,0,0,0,0,1,1,0,1,0,1,0,0,1,0,1,0
538,0.3111111111111111,0,0,1,1,3,1,0,1,2,2,1,1,2,2,1,1,2,2,1,1,2,0
539,0.33333333333333337,1,0,0,0,1,4,0,1,0,0,1,1,0,0,1,1,2,2,2,2,2,0
540,0.24444444444444446,0,0,1,1,2,1,1,1,2,0,1,0,0,0,2,2,1,1,1,1,1,1
541,0.24444444444444446,2,0,1,1,3,1,0,1,1,1,1,1,2,1,2,2,1,1,2,1,1,1
542,0.13333333333333333,0,0,0,0,0,4,0,1,0,1,1,1,0,4,0,1,0,1,1,2,2,0
543,0.2888888888888889,1,0,0,0,1,2,1,1,0,1,0,0,0,4,1,1,2,2,0,0,2,0
544,0.4222222222222222,1,0,1,1,4,5,0,1,2,0,1,2,0,1,2,1,1,2,1,2,1,0
545,0.08888888888888889,1,0,1,0,0,5,0,1,2,2,2,2,2,0,1,1,1,2,1,0,2,0
546,0.2888888888888889,1,0,0,0,2,2,0,1,1,0,0,1,0,2,0,1,1,1,0,2,0,0
547,0.17777777777777778,0,0,1,0,0,3,0,0,0,1,1,1,0,0,0,1,1,1,1,0,0,0
548,0.33333333333333337,1,0,0,1,4,4,0,1,1,0,1,1,0,4,1,1,1,2,0,2,0,0
549,0.26666666666666666,0,0,0,1,4,0,0,1,1,0,1,1,0,0,0,1,1,1,1,1,2,0
550,0.08888888888888889,2,0,0,1,4,2,0,1,1,2,2,1,2,2,0,1,1,1,1,1,2,0
551,0.22222222222222224,0,0,1,1,3,1,1,1,1,0,1,1,0,2,0,0,1,1,1,2,0,0
552,0.33333333333333337,0,0,0,1,2,5,0,0,0,1,0,0,0,0,0,1,1,1,1,1,0,0
553,0.37777777777777777,1,0,0,0,4,5,0,1,2,2,2,2,2,4,1,1,1,2,1,0,2,0
554,0.35555555555555557,1,0,0,0,0,2,0,1,0,0,0,0,0,0,2,1,1,0,1,0,0,0
555,0.11111111111111112,1,0,1,1,4,4,1,1,1,1,1,0,0,2,1,1,1,2,0,2,2,0
556,0.15555555555555556,1,0,0,0,0,5,0,1,0,1,0,0,0,0,0,0,1,1,1,1,2,0
557,0.9777777777777779,1,1,0,0,0,4,1,0,1,0,1,1,0,4,0,1,1,0,1,1,2,0
558,0.22222222222222224,1,0,1,1,4,1,1,1,0,0,1,0,0,0,1,1,1,0,1,1,2,0
559,0.35555555555555557,1,0,0,0,1,5,0,1,0,1,0,0,2,4,1,1,1,2,0,2,2,0
560,0.4222222222222222,1,0,0,1,3,2,0,1,0,1,1,0,0,0,1,1,1,1,1,1,0,0
561,0.5111111111111112,1,0,0,0,1,2,0,1,1,0,1,1,0,1,1,1,1,1,1,1,1,0
562,0.24444444444444446,1,0,0,1,4,5,0,1,2,2,1,1,2,1,0,1,1,0,1,0,1,0
563,0.48888888888888893,1,0,0,1,4,3,0,1,2,1,2,0,2,0,2,0,2,2,1,0,0,0
564,0.33333333333333337,1,0,0,1,4,5,0,1,2,0,1,2,0,2,1,1,2,1,0,2,0,0
565,0.3111111111111111,1,0,1,0,4,5,0,1,2,1,0,0,0,2,0,1,0,1,1,2,1,0
566,0.4666666666666667,1,0,1,1,4,1,0,1,0,0,1,1,0,0,0,0,1,0,1,1,0,0
567,0.13333333333333333,1,0,1,1,3,0,0,1,1,2,1,1,0,0,0,1,1,2,1,1,2,0
568,0.5555555555555556,1,0,0,1,2,5,0,1,2,2,2,2,2,2,0,0,2,2,0,0,0,0
569,0.22222222222222224,0,0,0,0,4,3,0,1,0,1,0,2,0,0,1,1,1,2,1,1,2,0
570,0.2,0,0,1,1,4,2,0,1,2,2,1,1,2,1,1,1,2,2,1,1,1,1
571,0.7333333333333334,1,0,0,0,1,2,1,1,1,2,1,1,0,0,1,1,0,0,1,0,1,0
572,0.4444444444444445,1,0,1,0,1,2,0,1,0,0,1,0,0,2,1,1,2,2,1,1,2,0
573,0.13333333333333333,1,0,0,0,0,2,0,1,0,0,0,1,0,0,1,1,2,2,1,0,0,0
574,0.35555555555555557,1,0,1,0,4,4,1,1,0,1,1,1,2,4,1,1,1,2,1,1,2,0
575,0.26666666666666666,1,1,0,0,1,2,1,1,2,2,1,1,2,3,2,1,1,0,1,2,1,0
576,0.37777777777777777,1,0,1,1,4,2,1,0,2,0,1,1,0,0,0,1,1,1,1,0,0,0
577,0.5333333333333333,1,0,1,1,2,5,0,1,2,0,1,1,0,0,0,0,1,1,1,1,0,1
578,0.7333333333333334,1,0,1,0,0,1,1,1,0,0,1,0,0,0,1,1,1,2,0,0,0,0
579,0.26666666666666666,1,0,0,1,1,5,0,0,2,1,2,2,2,1,0,1,1,0,1,0,0,1
580,0.4,1,0,0,0,1,4,0,1,1,2,1,1,2,4,1,1,1,2,0,0,2,0
581,0.22222222222222224,1,0,0,0,4,0,1,1,1,0,1,1,2,0,2,1,1,2,1,1,1,0
582,0.5111111111111112,0,0,0,0,1,2,0,0,0,1,1,1,0,2,0,0,2,2,0,0,0,0
583,0.22222222222222224,1,0,0,1,2,1,1,1,1,0,1,1,0,0,0,1,1,0,1,0,1,1
584,0.26666666666666666,0,0,0,0,1,2,0,1,2,2,2,1,2,0,0,1,1,1,1,0,0,1
585,0.3111111111111111,1,0,1,1,4,4,0,1,1,0,1,1,0,2,0,1,2,2,1,0,0,0
586,0.5777777777777778,1,0,0,1,4,4,0,1,1,2,1,1,0,2,1,1,2,2,1,0,0,0
587,0.37777777777777777,1,0,1,1,4,2,1,1,2,2,1,1,0,0,0,1,1,1,1,2,0,1
588,0.26666666666666666,1,0,1,1,4,2,0,1,0,0,1,1,1,1,2,1,1,1,1,0,0,0
589,0.044444444444444446,1,0,1,1,4,0,0,1,1,0,1,1,0,0,0,0,1,0,1,0,0,0
590,0.5333333333333333,1,0,1,1,4,5,0,1,2,1,2,2,0,0,0,1,1,1,1,1,1,0
591,0.26666666666666666,1,0,1,0,1,1,0,1,2,2,2,2,0,0,1,1,1,2,1,0,2,0
592,0.13333333333333333,1,0,0,0,3,1,0,1,2,1,0,0,0,0,1,1,1,1,1,1,2,0
593,0.15555555555555556,0,0,1,1,4,1,0,1,2,1,1,1,0,1,2,0,0,0,1,1,1,1
594,0.3111111111111111,1,0,0,0,0,2,1,1,0,0,1,0,0,0,2,1,0,0,1,0,0,0
595,0.5777777777777778,1,0,0,0,0,3,1,1,0,1,0,0,0,0,1,1,2,2,1,1,2,0
596,0.3111111111111111,1,0,1,1,3,1,0,1,1,0,1,0,0,1,2,2,1,0,1,1,1,1
597,0.26666666666666666,1,0,1,0,2,1,0,1,2,2,2,2,0,0,1,1,1,2,1,1,0,0
598,0.4,1,1,1,0,0,4,1,1,1,0,2,2,0,4,1,1,2,2,1,0,2,0
599,0.35555555555555557,1,0,1,1,4,1,0,0,2,1,1,1,2,1,2,2,0,0,1,1,1,0
600,0.2888888888888889,0,1,1,1,2,0,1,0,1,2,1,2,2,1,1,1,2,2,1,1,2,0
601,0.22222222222222224,1,0,0,0,0,5,0,1,2,1,0,0,2,0,0,0,0,0,1,0,1,0
602,0.33333333333333337,1,0,0,0,4,1,0,1,1,2,1,1,0,0,0,0,1,1,1,1,1,0
603,0.7333333333333334,1,0,0,0,4,0,1,1,0,0,1,0,0,0,2,0,1,1,1,0,0,0
604,0.15555555555555556,1,0,0,0,1,2,0,0,0,1,1,1,0,0,0,2,1,0,1,0,1,0
605,0.22222222222222224,1,0,0,0,0,2,0,1,0,0,1,1,0,0,1,1,2,2,1,0,2,0
606,0.22222222222222224,1,0,0,0,1,0,1,1,1,0,1,1,0,0,2,1,0,0,1,0,0,0
607,0.33333333333333337,1,0,0,1,4,4,0,1,1,2,1,1,2,2,1,1,1,2,0,0,2,0
608,0.5555555555555556,1,1,0,0,3,4,1,0,1,2,1,1,0,4,1,1,1,2,0,0,2,0
609,0.4444444444444445,1,0,0,0,2,5,0,0,0,0,1,1,0,0,0,1,1,0,1,1,1,0
610,0.2888888888888889,1,0,0,0,4,2,0,1,0,1,1,1,0,2,0,1,1,0,1,2,1,1
611,0.26666666666666666,1,0,0,0,3,5,0,1,2,0,1,1,0,4,2,0,1,0,1,1,0,0
612,0.2888888888888889,1,1,0,1,2,4,1,1,1,1,1,2,0,1,1,1,2,2,1,0,2,0
613,0.4,1,0,0,0,1,2,0,1,2,0,2,0,0,0,1,1,1,1,0,0,2,0
614,0.4,1,0,1,1,3,1,1,0,2,2,1,1,2,3,2,1,1,0,1,0,1,0
615,0.4666666666666667,1,0,1,0,2,2,1,1,1,1,1,0,0,0,0,0,1,1,0,0,0,0
616,0.11111111111111112,1,0,1,1,4,1,0,1,2,2,1,1,2,4,1,1,1,2,0,2,2,0
617,0.15555555555555556,1,0,1,0,4,1,0,1,0,0,1,1,0,2,1,1,1,1,1,0,0,0
618,0.11111111111111112,1,1,0,0,1,0,0,1,0,1,1,1,0,0,1,0,1,2,0,2,1,1
619,0.3111111111111111,0,0,0,1,2,2,1,1,2,2,1,1,0,4,0,1,1,1,1,2,0,0
620,0.13333333333333333,0,0,1,1,4,5,0,1,2,2,2,2,2,2,2,0,0,0,1,1,0,0
621,0.3111111111111111,0,0,1,1,4,1,0,1,0,0,1,1,0,0,1,1,1,1,1,1,0,0
622,0.24444444444444446,0,0,1,1,3,3,0,1,2,2,2,2,0,1,0,1,0,1,1,1,1,0
623,0.4444444444444445,2,0,1,1,4,1,0,0,2,2,1,1,0,1,2,0,1,1,1,0,1,0
624,0.37777777777777777,1,1,1,1,4,4,0,1,1,2,1,1,2,2,1,1,1,1,1,1,1,0
625,0.33333333333333337,2,0,0,0,4,2,1,1,1,2,1,1,2,3,2,0,1,0,1,0,1,1
626,0.24444444444444446,1,0,1,1,4,2,1,1,2,1,1,0,0,0,2,1,1,1,1,1,0,1
627,0.15555555555555556,0,0,0,1,4,1,0,1,1,0,1,1,0,0,0,1,0,1,1,0,0,0
628,0.8444444444444444,1,0,1,1,3,4,0,1,2,2,1,1,0,0,2,0,1,1,1,1,0,0
629,0.3111111111111111,1,0,0,0,4,4,1,1,1,0,1,1,1,4,1,1,2,2,0,0,2,0
630,0.37777777777777777,0,0,0,1,4,1,1,1,2,2,1,0,0,2,0,1,1,2,1,1,2,0
631,0.4,1,0,0,1,3,1,0,0,0,0,2,0,0,4,1,1,1,2,1,1,2,0
632,0.24444444444444446,1,0,0,0,1,2,0,1,1,0,1,1,0,2,1,1,1,1,2,2,0,0
633,0.4222222222222222,1,1,1,1,2,4,0,1,1,0,1,1,0,2,1,1,1,2,0,0,2,1
634,0.2888888888888889,1,0,0,1,2,2,0,1,1,0,1,1,2,2,1,1,1,2,1,0,2,0
635,0.4,1,1,0,0,0,0,1,1,2,1,1,1,2,4,1,1,1,2,1,1,2,0
636,0.7111111111111111,1,1,1,1,4,0,1,1,1,2,2,1,0,1,2,2,0,0,1,1,1,1
637,0.4222222222222222,1,0,0,0,0,2,0,1,2,2,1,1,2,4,1,1,1,2,0,0,2,0
638,0.4,1,0,0,0,0,2,0,1,1,0,1,1,0,4,0,1,1,1,1,1,0,0
639,0.26666666666666666,0,0,1,1,4,5,0,0,2,2,2,2,1,1,2,1,1,1,1,1,1,1
640,0.8666666666666667,1,0,0,0,1,2,0,1,2,2,1,2,2,1,2,0,0,0,1,0,0,1
641,0.3111111111111111,0,0,1,1,3,1,0,0,2,0,1,1,1,0,0,1,1,0,1,1,0,1
642,0.4444444444444445,1,1,0,0,1,4,0,1,1,0,1,1,0,0,2,0,0,0,1,0,0,0
643,0.17777777777777778,1,0,1,1,4,2,0,1,1,0,1,1,0,0,0,1,1,1,1,0,1,0
644,0.2888888888888889,1,0,0,0,4,2,0,1,1,0,1,1,0,4,1,1,1,1,1,1,0,0
645,0.2,0,0,1,0,4,1,0,0,1,2,2,2,0,2,1,1,2,2,1,1,0,0
646,0.11111111111111112,0,0,0,0,2,4,0,1,1,0,1,1,0,0,1,1,0,1,1,2,0,0
647,0.48888888888888893,1,0,0,0,3,5,1,0,0,0,2,2,0,0,1,1,1,1,1,0,0,0
648,0.26666666666666666,1,0,1,1,1,1,0,1,0,1,0,0,0,0,0,0,0,0,1,1,1,0
649,0.8,1,1,1,1,4,0,1,1,0,1,1,1,0,4,1,1,1,2,2,2,0,1
650,0.37777777777777777,0,0,1,0,1,3,0,0,0,0,2,2,0,0,2,0,0,0,1,1,0,1
651,0.33333333333333337,1,0,0,1,1,3,0,0,2,1,2,2,0,4,0,1,0,0,1,1,2,0
652,0.17777777777777778,1,0,0,0,0,4,0,1,1,0,1,1,0,0,0,1,2,2,1,2,0,0
653,0.26666666666666666,1,0,0,0,3,0,0,1,1,0,1,1,1,1,1,0,1,0,1,1,2,0
654,0.33333333333333337,1,1,0,0,1,0,1,1,1,0,1,1,0,0,1,1,1,2,1,0,0,0
655,0.2888888888888889,1,0,1,1,4,5,0,1,2,2,1,0,2,0,0,1,1,2,1,2,2,0
656,0.3111111111111111,1,0,0,0,0,4,0,1,0,0,1,0,0,2,1,1,1,2,0,0,0,0
657,0.06666666666666667,0,0,0,0,3,5,0,1,2,2,2,2,2,2,1,1,1,1,1,0,2,0
658,0.22222222222222224,1,0,0,0,1,0,0,1,0,0,1,0,0,0,1,1,1,2,0,0,0,0
659,0.33333333333333337,1,0,0,0,1,5,0,1,0,1,0,0,0,0,0,0,1,1,1,1,0,0
660,0.2,1,1,0,0,1,0,1,1,1,0,1,1,0,1,0,1,1,2,0,0,2,0
661,0.2888888888888889,1,0,0,0,4,5,0,0,0,0,1,1,2,4,1,1,1,1,1,1,0,0
662,0.2888888888888889,1,0,0,1,4,2,1,1,1,0,0,1,0,3,0,0,1,0,1,1,1,0
663,0.11111111111111112,1,1,0,0,0,0,1,1,0,0,0,0,0,4,0,0,1,1,0,0,2,1
664,0.15555555555555556,1,0,0,0,0,5,0,1,0,1,0,0,0,0,1,1,0,0,1,1,0,0
665,0.2,1,0,0,0,1,2,0,1,1,0,1,1,0,0,0,0,0,0,1,1,0,0
666,0.5777777777777778,1,0,0,0,0,1,0,1,0,0,1,1,0,0,1,1,1,2,0,0,0,0
667,0.2,1,0,0,0,1,2,0,1,1,1,1,0,0,1,1,1,1,0,1,0,0,0
668,0.13333333333333333,1,0,1,0,4,4,0,1,0,1,1,0,0,0,0,1,0,0,1,0,0,0
669,0.2,1,0,0,0,0,1,1,1,2,1,0,2,0,2,1,1,1,1,1,1,2,0
670,0.2,0,0,1,0,1,1,0,1,0,0,0,0,0,0,0,1,1,0,1,1,2,0
671,0.4,1,0,1,0,4,2,0,1,0,0,1,1,0,0,0,0,1,1,1,1,1,0
672,0.24444444444444446,1,0,0,1,4,2,1,0,0,1,1,0,0,0,1,1,1,2,1,0,0,0
673,0.11111111111111112,1,0,0,0,0,2,0,1,1,0,1,1,0,0,0,0,1,2,0,0,0,0
674,0.26666666666666666,0,0,1,1,3,4,0,1,0,0,1,1,0,0,2,1,0,0,1,1,0,0
675,0.26666666666666666,1,1,0,0,0,0,0,1,1,2,1,1,2,4,1,1,2,2,2,2,2,0
676,0.6222222222222222,1,0,0,1,2,0,1,1,2,1,1,2,0,4,1,1,2,2,1,0,2,0
677,0.35555555555555557,1,0,0,1,3,2,1,1,1,0,1,1,0,2,0,1,1,1,1,0,0,1
678,0.4666666666666667,1,0,0,1,4,5,0,0,2,2,2,2,0,0,1,1,1,2,1,1,0,0
679,0.044444444444444446,2,0,1,1,2,2,0,0,0,1,1,1,0,1,0,0,0,0,1,0,1,0
680,0.26666666666666666,0,0,0,1,3,5,1,0,2,2,2,0,2,2,1,1,0,2,1,0,0,0
681,0.08888888888888889,0,0,0,0,0,4,0,1,1,0,1,1,0,0,2,0,1,0,1,1,0,0
682,0.13333333333333333,0,0,1,1,4,5,0,1,0,1,1,0,0,0,2,0,0,0,1,1,0,0
683,0.35555555555555557,0,0,1,1,3,5,0,1,2,2,2,2,2,2,1,1,1,2,1,1,2,0
684,0.7111111111111111,1,0,1,1,4,1,0,1,2,1,2,2,2,2,0,0,1,2,1,1,2,0
685,0.24444444444444446,1,0,0,0,0,2,1,1,0,0,1,1,0,0,0,1,1,0,1,1,0,0
686,0.22222222222222224,0,0,0,1,4,4,1,1,0,1,2,0,2,4,1,1,2,2,0,0,2,0
687,0.13333333333333333,1,0,0,1,4,4,0,1,2,0,1,1,0,2,0,0,1,1,1,1,0,0
688,0.26666666666666666,1,0,0,0,1,0,1,1,1,0,1,1,2,2,1,1,2,2,1,0,2,0
689,0.2888888888888889,1,0,0,0,0,2,0,1,0,0,1,0,2,2,1,1,1,0,0,0,0,0
690,0.24444444444444446,0,0,0,0,0,5,0,1,2,1,0,0,0,2,1,1,1,2,1,1,0,0
691,0.33333333333333337,1,0,0,0,0,4,0,1,1,0,1,1,0,0,2,1,0,0,1,2,1,0
692,0.33333333333333337,1,0,0,1,4,2,0,0,2,2,1,1,2,4,1,1,0,2,1,1,2,0
693,0.4444444444444445,1,0,0,0,0,1,0,1,1,0,1,1,0,2,0,0,1,1,1,0,1,0
694,0.48888888888888893,0,0,0,0,0,5,1,0,1,2,1,1,0,3,2,0,0,0,1,0,1,0
695,0.3111111111111111,1,0,0,0,0,3,0,1,0,0,1,0,0,0,0,0,1,0,1,1,2,0
696,0.26666666666666666,1,0,0,0,0,4,0,1,1,0,1,0,0,1,0,0,1,0,1,1,0,0
697,0.2888888888888889,1,0,0,0,0,1,0,0,2,0,1,0,0,0,0,1,1,2,1,1,0,0
698,0.35555555555555557,1,1,1,1,3,0,1,1,1,2,2,2,1,3,1,1,2,2,1,1,2,1
699,0.4444444444444445,1,0,1,1,4,1,0,1,2,2,0,0,2,0,0,1,2,2,1,1,0,0
700,0.13333333333333333,1,0,0,1,2,2,0,0,2,2,2,1,2,2,1,1,1,2,1,0,2,0
701,0.5777777777777778,1,0,1,1,4,2,0,0,2,1,1,2,0,2,2,1,0,0,1,1,1,0
702,0.33333333333333337,1,0,0,1,3,1,0,1,0,0,1,1,0,0,0,1,2,2,1,0,1,1
703,0.2,1,0,0,0,1,2,0,1,0,1,1,1,0,0,2,2,1,0,1,1,1,0
704,0.33333333333333337,1,1,0,1,4,0,1,1,0,1,0,0,0,4,1,1,2,2,2,2,0,0
705,0.4444444444444445,0,0,0,0,0,2,1,1,0,1,1,0,0,0,2,1,1,0,1,1,0,0
706,0.26666666666666666,1,0,0,1,2,2,0,1,2,2,1,1,2,4,1,1,2,2,0,0,2,0
707,0.37777777777777777,1,0,0,0,0,4,0,1,1,0,1,1,0,2,0,0,1,2,1,0,0,0
708,0.22222222222222224,1,0,0,0,0,4,0,1,0,1,0,0,0,0,1,1,2,2,1,1,2,0
709,0.2888888888888889,1,0,1,0,1,1,0,1,0,0,1,0,0,4,1,1,1,2,1,0,0,0
710,0.26666666666666666,1,0,0,0,1,4,0,1,2,2,1,2,2,0,0,1,1,1,1,1,1,0
711,0.33333333333333337,1,1,1,1,4,0,1,1,2,2,0,0,0,3,2,0,1,0,1,1,1,0
712,0.17777777777777778,1,0,0,0,0,3,0,1,2,2,0,2,2,2,0,0,1,2,2,2,2,0
713,0.4444444444444445,1,1,0,0,0,4,1,1,2,2,2,1,2,2,1,1,2,2,0,0,2,0
714,0.26666666666666666,1,0,1,0,0,4,0,1,1,0,1,1,0,4,1,1,1,2,1,0,2,0
715,0.22222222222222224,1,0,0,0,0,2,0,1,2,1,1,0,0,0,1,1,2,2,1,1,0,0
716,0.35555555555555557,1,0,0,0,0,4,0,1,0,0,1,1,0,0,0,1,1,1,1,0,0,0
717,0.2888888888888889,1,0,1,1,4,5,0,0,0,0,1,1,1,3,2,1,1,0,1,2,1,1
718,0.26666666666666666,1,0,0,0,0,0,1,1,1,2,1,1,0,1,0,0,2,2,1,0,0,0
719,0.17777777777777778,1,0,1,1,1,4,1,1,0,0,2,0,0,0,2,1,1,2,1,1,1,0
720,0.35555555555555557,1,0,1,1,4,0,0,0,1,2,1,1,0,0,1,1,1,2,0,0,0,0
721,0.3111111111111111,1,0,0,0,1,1,1,1,1,0,1,1,1,0,1,1,1,1,1,0,1,0
722,0.08888888888888889,1,0,0,0,3,4,1,1,0,0,1,1,0,4,0,0,1,1,1,0,1,0
723,0.2888888888888889,1,0,1,1,4,2,0,1,0,0,1,1,1,3,2,2,0,0,1,1,1,0
724,0.26666666666666666,1,0,0,0,0,5,0,0,0,1,0,0,0,0,1,1,2,2,1,1,1,0
725,0.5777777777777778,1,1,0,1,4,0,1,1,1,0,1,1,2,3,2,1,2,0,1,0,1,1
726,0.4444444444444445,1,0,0,1,2,4,0,1,1,0,1,1,0,0,2,1,2,2,0,2,1,0
727,0.15555555555555556,1,0,0,0,0,2,0,1,1,0,2,1,0,0,0,1,2,1,1,1,0,0
728,0.26666666666666666,1,0,0,0,0,4,1,1,0,1,1,1,0,4,1,1,2,2,1,1,0,0
729,0.3111111111111111,1,0,0,0,0,2,0,0,2,2,2,2,2,0,1,1,2,2,1,1,0,0
730,0.35555555555555557,1,1,0,0,1,1,0,0,1,1,1,1,0,4,1,1,2,1,1,2,1,0
731,0.5777777777777778,1,0,0,0,0,5,0,0,2,2,0,2,2,0,1,1,1,2,1,0,0,0
732,0.35555555555555557,1,0,0,1,4,2,0,1,0,1,1,1,0,0,0,1,1,0,1,0,0,0
733,0.22222222222222224,1,0,0,0,0,4,0,1,1,0,1,2,2,0,0,1,2,1,1,2,2,0
734,0.4222222222222222,1,0,1,1,4,5,1,0,0,0,0,0,0,0,2,0,0,0,1,0,0,0
735,0.4444444444444445,1,0,1,1,4,2,0,1,1,2,1,1,2,4,1,1,1,2,1,0,2,1
736,0.33333333333333337,1,0,0,0,0,4,0,1,1,2,1,1,0,3,2,0,0,0,1,1,1,0
737,0.48888888888888893,1,0,0,1,4,1,0,1,1,0,1,1,0,4,1,1,0,1,1,2,2,0
738,0.3111111111111111,1,0,1,1,4,2,0,1,2,2,1,0,0,2,0,1,1,2,0,2,0,0
739,0.4222222222222222,1,0,0,1,4,1,1,1,2,2,1,1,0,3,0,0,1,1,0,0,0,0
740,0.2888888888888889,1,1,0,1,4,2,1,1,0,1,0,0,0,0,1,1,1,1,1,2,0,0
741,0.24444444444444446,1,0,0,0,0,4,0,1,2,1,1,0,2,4,1,1,1,2,0,0,2,0
742,0.33333333333333337,1,0,0,0,0,4,0,1,1,0,1,1,1,1,0,1,1,0,0,0,1,0
743,0.4,1,0,1,1,3,4,0,1,2,2,2,2,2,4,1,1,1,2,1,1,2,0
744,0.044444444444444446,1,0,0,1,4,2,0,1,0,1,1,1,0,1,1,1,1,2,1,2,0,0
745,0.35555555555555557,1,0,1,0,0,2,0,1,2,2,1,1,0,4,1,1,1,2,1,1,0,0
746,0.5555555555555556,1,0,0,0,0,5,1,1,0,1,2,2,2,4,1,1,1,0,1,0,2,0
747,0.4444444444444445,1,0,1,1,4,1,0,1,0,1,0,0,0,0,0,1,1,1,1,1,0,0
748,0.5111111111111112,1,1,0,0,1,4,0,1,1,0,1,1,2,4,1,1,1,2,0,0,2,0
749,0.4222222222222222,1,0,0,0,1,5,0,1,2,2,2,2,2,4,1,1,1,2,1,1,2,0
750,0.26666666666666666,0,0,1,1,4,2,1,0,0,0,1,0,0,0,0,1,1,2,1,0,0,0
751,0.4666666666666667,0,0,1,1,4,2,0,0,2,1,1,0,0,0,0,1,0,0,1,1,0,0
752,0.2,1,0,1,1,4,5,0,1,2,0,2,0,0,1,2,0,0,0,1,0,1,0
753,0.37777777777777777,1,0,0,0,3,2,0,1,1,0,1,1,2,2,0,0,0,1,0,0,2,0
754,0.08888888888888889,1,0,0,1,2,5,0,0,1,2,1,1,1,0,2,1,1,1,1,2,1,1
755,0.3111111111111111,1,1,1,0,4,0,1,1,1,2,1,1,2,2,1,1,0,0,1,1,2,0
756,0.4444444444444445,0,0,1,1,3,2,0,0,2,2,2,2,0,0,0,0,2,1,1,0,2,0
757,0.4444444444444445,1,0,1,1,4,0,0,1,1,0,1,1,0,4,1,1,2,2,0,0,2,0
758,0.4666666666666667,1,0,1,1,4,0,0,1,1,0,1,1,1,3,2,2,0,0,1,1,1,0
759,0.22222222222222224,0,0,0,1,4,1,0,1,0,1,2,0,0,2,2,1,1,0,1,0,1,0
760,0.48888888888888893,1,1,0,0,0,4,0,1,1,0,2,1,2,2,1,1,1,2,0,0,2,0
761,0.35555555555555557,0,1,1,1,4,0,0,1,2,2,2,2,2,2,0,2,1,0,1,1,1,0
762,0.22222222222222224,1,0,0,0,1,2,0,1,0,1,1,0,0,2,1,1,1,0,2,2,0,0
763,0.4222222222222222,0,0,0,1,1,4,1,1,2,0,1,1,0,0,0,0,1,1,1,1,1,0
764,0.24444444444444446,1,0,0,0,1,2,0,1,0,1,1,1,0,2,1,1,1,2,0,2,0,0
765,0.48888888888888893,1,0,0,1,4,3,0,0,0,0,1,1,0,0,0,0,1,1,1,1,0,0
766,0.35555555555555557,1,1,1,1,4,0,1,1,1,2,1,1,2,4,0,0,2,2,1,1,2,0
767,0.33333333333333337,1,0,0,0,0,5,0,0,0,1,1,0,0,0,0,1,1,1,1,2,0,0
768,0.24444444444444446,1,0,0,0,0,5,0,0,0,1,1,0,0,0,1,1,1,1,2,2,1,0
769,0.4444444444444445,1,0,1,1,3,4,0,1,1,0,1,1,2,2,2,1,1,2,1,0,1,1
770,0.48888888888888893,1,0,0,1,4,1,0,0,2,2,2,2,2,4,2,1,1,2,1,0,1,1
771,0.5777777777777778,1,0,0,0,4,4,1,1,0,0,1,0,0,0,0,1,0,0,1,0,1,0
772,0.33333333333333337,2,0,0,1,4,5,0,0,0,0,2,2,0,0,1,1,2,1,2,2,2,1
773,0.22222222222222224,0,0,0,0,0,5,0,1,0,1,1,2,0,0,0,1,1,2,1,1,0,0
774,0.3111111111111111,0,0,0,0,0,4,0,1,0,0,1,1,0,0,1,1,2,2,0,0,0,0
775,0.5777777777777778,1,0,0,1,1,2,0,1,0,0,1,0,0,0,1,1,2,2,2,2,0,0
776,0.35555555555555557,1,0,0,1,4,4,1,1,1,2,1,1,2,1,1,1,2,2,2,2,0,0
777,0.37777777777777777,1,0,1,1,4,5,0,1,0,1,0,0,2,4,1,1,1,2,1,0,2,0
778,0.35555555555555557,1,1,0,0,0,0,0,1,0,0,1,1,0,0,1,1,2,2,1,0,0,0
779,0.17777777777777778,1,0,0,0,0,4,0,1,0,0,1,1,0,0,1,1,1,2,1,1,0,0
780,0.17777777777777778,1,0,1,1,4,5,0,0,2,2,2,2,2,0,0,1,1,1,1,1,1,1
781,0.33333333333333337,1,1,1,0,0,0,0,1,1,2,1,1,2,2,1,1,0,2,1,0,1,0
782,0.17777777777777778,1,0,1,1,4,2,0,1,2,2,0,0,2,0,0,1,1,1,1,0,0,0
783,0.4444444444444445,1,0,0,0,0,1,1,0,0,0,0,0,0,2,0,1,2,2,1,1,0,0
784,0.48888888888888893,1,0,0,1,1,5,0,1,2,2,2,2,2,2,1,1,1,1,1,0,2,0
785,0.26666666666666666,1,0,0,0,3,1,0,1,0,1,1,1,0,2,1,1,1,2,1,0,0,1
786,0.35555555555555557,1,0,0,1,4,5,0,1,2,2,0,0,0,0,0,0,1,1,1,1,0,0
787,0.4444444444444445,0,0,0,1,2,4,1,1,0,1,1,1,2,1,2,1,1,1,1,2,1,1
788,0.4,0,0,0,1,4,1,0,0,2,0,1,1,2,3,2,0,0,1,1,2,1,1
789,0.11111111111111112,0,0,1,1,4,5,0,1,0,1,0,0,0,3,2,0,1,1,1,0,1,1
790,0.4666666666666667,1,0,0,0,1,2,0,1,2,2,1,1,0,2,0,1,1,2,1,0,1,1
791,0.33333333333333337,0,0,1,1,2,1,0,1,2,0,1,0,0,0,2,1,1,2,1,1,0,0
792,0.24444444444444446,1,0,0,0,0,2,0,1,0,0,1,1,0,0,0,1,1,2,0,2,1,1
793,0.22222222222222224,1,0,1,0,0,2,0,1,1,0,1,1,0,0,0,1,1,2,1,2,1,0
794,0.4,0,0,0,1,4,1,1,1,0,0,0,0,0,4,0,1,1,0,1,0,2,0
795,0.26666666666666666,1,0,0,0,1,1,0,0,2,2,2,1,2,4,2,0,2,2,1,0,0,0
796,0.13333333333333333,1,0,1,1,4,4,0,1,1,2,1,1,0,4,1,1,1,2,0,0,2,0
797,0.48888888888888893,1,0,0,0,0,2,1,1,2,0,1,1,0,0,2,0,0,0,1,1,0,0
798,0.2888888888888889,0,0,0,0,0,5,0,1,2,2,2,2,2,4,1,1,1,0,1,1,2,0
799,0.33333333333333337,1,0,0,0,0,2,0,1,0,1,1,0,0,2,0,0,1,1,0,0,0,0
800,0.24444444444444446,2,0,0,1,4,2,0,1,1,2,1,1,0,1,2,0,1,1,1,1,1,1
801,0.5111111111111112,0,0,1,1,4,1,0,0,2,2,2,2,2,0,0,1,1,2,1,1,0,1
802,0.4222222222222222,0,0,1,0,0,4,0,1,0,0,1,0,0,0,1,1,0,1,1,0,2,0
803,0.22222222222222224,1,0,0,0,0,2,1,1,0,1,1,0,0,4,1,1,2,2,0,0,2,0
804,0.5333333333333333,1,0,1,0,4,5,0,1,2,2,1,2,0,0,0,1,1,1,1,0,1,0
805,0.26666666666666666,1,0,0,0,1,4,0,1,0,0,1,1,0,0,0,1,1,0,1,0,0,0
806,0.26666666666666666,1,0,0,1,4,1,0,1,1,0,1,1,0,1,1,1,1,1,1,0,1,0
807,0.4,1,0,0,1,2,0,0,0,1,0,1,1,2,3,2,1,1,1,1,2,1,1
808,0.24444444444444446,1,0,0,1,1,4,1,1,1,2,1,1,0,0,0,0,1,1,1,1,0,0
809,0.4222222222222222,0,1,0,0,4,0,1,1,0,1,0,0,0,0,0,1,1,0,1,1,0,0
810,0.48888888888888893,0,0,0,0,4,2,0,1,0,1,1,0,0,0,2,1,0,0,1,2,0,0
811,0.48888888888888893,1,0,1,1,4,3,0,1,2,2,2,2,2,3,0,1,1,2,1,1,0,0
812,0.6,1,1,1,1,4,0,1,1,1,2,1,1,1,4,2,2,1,0,1,1,2,0
813,0.2,2,1,0,1,4,4,1,1,1,1,2,2,2,4,1,1,1,1,0,0,2,0
814,0.4,1,1,1,1,2,0,0,1,1,2,2,1,0,2,1,1,1,1,0,2,2,0
815,0.5111111111111112,0,0,1,1,4,1,0,0,2,1,2,0,0,0,2,0,1,0,1,1,0,0
816,0.4,1,1,1,1,2,0,0,1,1,2,2,1,0,2,1,1,1,1,0,2,2,0
817,0.4666666666666667,1,0,0,0,1,5,1,1,1,2,1,1,1,3,2,2,0,0,1,1,0,0
818,0.37777777777777777,1,0,0,0,0,5,1,1,0,1,0,0,0,0,1,1,1,2,1,0,2,0
819,0.5777777777777778,1,0,0,0,0,5,0,1,2,0,2,2,0,0,1,1,1,2,1,0,0,0
820,0.6888888888888889,0,0,1,0,2,2,0,1,0,0,1,1,1,3,2,2,0,1,1,1,1,1
821,0.06666666666666667,1,0,0,0,1,2,0,1,0,1,0,0,0,0,1,1,1,2,0,0,2,0
822,0.5111111111111112,1,1,0,0,4,0,1,1,0,1,1,1,0,2,2,0,1,0,1,1,0,0
823,0.26666666666666666,0,0,0,1,3,4,0,1,0,0,1,1,0,0,0,1,1,0,1,0,0,0
824,0.4,1,0,1,1,4,0,0,0,1,2,1,1,2,0,1,1,1,2,1,1,2,0
825,0.26666666666666666,1,0,1,0,4,5,1,0,2,2,1,2,2,4,0,1,1,0,1,1,2,0
826,0.5111111111111112,1,0,0,0,1,1,0,1,2,1,1,0,0,0,0,1,1,1,1,0,0,0
827,0.26666666666666666,1,0,0,1,3,4,0,1,1,2,1,1,2,4,1,1,1,2,1,1,2,0
828,0.26666666666666666,0,0,1,1,3,1,0,1,2,1,0,1,0,0,1,1,2,2,1,0,0,0
829,0.37777777777777777,1,0,0,1,4,0,0,1,1,0,1,1,0,0,2,1,0,0,1,2,0,0
830,0.6,1,0,1,1,4,3,0,0,0,0,1,1,0,1,0,1,1,2,1,0,1,1
831,0.15555555555555556,0,0,1,1,2,4,0,1,2,2,1,1,2,4,1,1,1,2,1,2,1,1
832,0.6666666666666667,0,0,0,0,0,1,1,1,0,0,1,0,0,3,2,2,0,0,1,1,1,0
833,0.5777777777777778,1,0,1,0,0,5,0,0,0,0,1,1,0,4,0,1,1,2,1,0,0,0
834,0.4222222222222222,1,0,0,0,3,5,0,1,2,2,2,2,2,1,1,1,1,2,1,1,1,0
835,0.5777777777777778,1,0,0,1,4,5,0,0,0,0,1,0,0,3,0,1,1,2,1,1,0,0
836,0.4222222222222222,1,1,0,0,4,4,1,1,1,0,1,1,0,1,1,1,2,2,1,0,0,1
837,0.3111111111111111,0,0,1,1,4,1,0,1,2,2,1,1,0,1,1,1,2,2,0,0,0,0
838,0.4,1,0,0,0,4,5,0,1,0,1,2,0,0,0,0,1,1,0,1,1,0,0
839,0.35555555555555557,1,0,1,0,0,2,0,0,2,0,1,1,2,1,1,1,1,1,1,1,0,0
840,0.4444444444444445,1,0,0,0,4,2,0,1,0,1,0,0,0,0,2,2,1,0,1,1,1,0
841,0.37777777777777777,1,0,0,1,4,1,0,1,0,0,2,0,2,0,0,1,1,0,1,1,0,0
842,0.4222222222222222,1,1,0,1,4,0,0,1,1,0,1,1,0,4,1,1,2,0,1,1,2,0
843,0.5111111111111112,1,1,1,1,4,0,1,1,1,2,1,1,2,4,1,1,2,2,1,1,2,0
844,0.5111111111111112,1,0,0,0,3,5,0,1,2,2,2,2,2,0,1,1,1,1,1,0,0,0
845,0.5555555555555556,1,0,0,1,4,0,1,1,1,2,1,1,0,2,0,1,0,0,1,0,0,0
846,0.13333333333333333,1,0,1,0,0,2,1,1,2,2,1,0,2,0,0,1,0,1,1,1,0,0
847,0.08888888888888889,1,0,1,0,1,4,0,0,1,0,1,1,2,2,0,1,1,1,1,0,0,0
848,0.2,1,0,0,0,4,4,1,1,1,0,1,1,0,3,2,0,1,1,1,0,0,0
849,0.3111111111111111,1,0,1,0,0,4,0,1,0,1,1,1,0,0,0,1,1,1,1,1,0,0
850,0.17777777777777778,1,0,1,0,0,5,0,1,2,2,2,2,2,4,1,1,1,2,0,2,2,0
851,0.7555555555555555,1,0,0,0,1,5,1,1,2,2,2,2,2,4,1,1,2,2,1,1,2,0
852,0.15555555555555556,1,0,0,0,0,4,0,1,0,1,0,1,2,2,1,1,1,2,1,0,0,0
853,0.35555555555555557,1,0,0,0,0,1,0,1,1,0,1,1,0,0,0,1,1,2,1,1,1,0
854,0.33333333333333337,1,0,1,1,3,4,0,0,1,0,1,1,1,0,2,0,1,0,1,1,1,0
855,0.33333333333333337,1,0,1,1,3,4,0,0,1,0,1,1,1,0,2,0,1,0,1,1,1,0
856,0.2,1,1,0,1,3,0,1,1,1,1,0,0,0,1,1,1,2,2,0,0,2,0
857,0.13333333333333333,1,0,0,0,1,1,0,0,0,0,0,0,0,0,0,1,1,1,0,0,0,0
858,0.35555555555555557,1,0,1,1,2,4,1,1,1,2,1,1,0,3,2,1,1,2,1,0,1,0
859,0.6444444444444445,1,0,0,1,3,5,0,0,2,2,2,2,2,2,2,0,0,0,1,0,2,0
860,0.37777777777777777,1,0,0,0,0,4,1,1,1,0,1,1,1,1,2,0,0,0,1,2,1,1
861,0.4,1,0,1,1,4,4,0,1,2,2,1,1,0,2,0,0,1,1,1,1,0,0
862,0.48888888888888893,1,0,0,0,0,0,1,1,1,2,1,1,0,3,0,0,1,2,0,0,1,0
863,0.33333333333333337,1,1,0,0,4,0,1,1,1,2,1,1,2,2,1,1,1,1,0,0,1,0
864,0.5777777777777778,1,1,0,0,0,5,1,1,0,0,1,0,0,0,1,1,1,2,1,0,0,0
865,0.8444444444444444,1,0,0,1,3,5,1,1,2,2,0,2,2,2,1,1,2,2,2,2,2,0
866,0.33333333333333337,0,0,1,1,4,1,0,1,0,0,1,1,0,1,0,1,1,1,1,2,0,1
867,0.5333333333333333,1,0,0,0,0,2,0,0,2,2,2,2,2,0,0,0,1,1,1,2,1,1
868,0.48888888888888893,1,0,0,0,0,5,1,1,0,1,0,0,0,0,1,1,1,2,1,1,0,0
869,0.4444444444444445,1,0,1,0,0,3,0,0,2,2,1,1,2,4,0,1,0,0,1,1,1,0
870,0.2888888888888889,1,1,1,1,4,4,1,1,0,1,1,0,0,3,2,1,0,0,1,0,0,0
871,0.3111111111111111,1,0,0,0,0,2,0,1,2,0,2,1,2,2,0,1,1,1,1,0,1,0
872,0.26666666666666666,1,0,0,0,0,5,0,0,0,1,1,0,0,0,0,1,0,1,1,0,0,0
873,0.13333333333333333,0,0,1,0,1,5,0,0,1,0,1,2,0,2,2,0,0,0,1,0,0,0
874,0.3111111111111111,1,0,0,1,1,2,0,1,2,2,1,0,2,4,0,1,0,0,1,1,0,0
875,0.26666666666666666,1,0,1,1,4,2,0,1,0,1,0,0,0,0,0,1,1,1,1,1,2,0
876,0.2888888888888889,1,0,0,0,1,2,1,1,2,2,0,0,2,4,1,1,1,2,0,0,2,0
877,0.4444444444444445,1,0,0,0,1,3,1,1,2,0,2,0,0,0,0,1,1,2,1,1,2,1
878,0.4222222222222222,1,1,0,0,1,0,0,1,2,0,1,0,0,1,1,1,1,2,2,2,2,0
879,0.4,1,0,1,1,4,2,1,1,2,2,1,0,0,0,0,0,1,0,1,0,1,0
880,0.5333333333333333,1,0,1,0,1,3,1,0,0,0,1,1,0,0,0,1,0,0,1,1,0,0
881,0.3111111111111111,1,0,0,1,3,4,0,1,0,1,1,1,0,0,1,1,1,2,1,1,0,0
882,0.4666666666666667,1,0,1,0,0,3,0,0,2,2,2,2,0,2,1,1,1,2,1,0,1,0
883,0.2,1,1,0,0,0,1,0,1,1,0,1,1,2,4,1,1,1,2,1,1,2,0
884,0.48888888888888893,1,0,1,0,4,5,0,1,2,0,2,2,0,0,0,0,1,2,0,0,0,1
885,0.5555555555555556,1,1,1,0,4,4,1,0,2,1,0,2,0,0,0,0,1,0,1,0,0,0
886,0.33333333333333337,1,1,1,1,3,0,1,1,1,2,1,1,0,3,2,1,1,0,1,0,0,0
887,0.26666666666666666,1,0,1,0,0,1,0,1,0,1,0,0,0,0,1,1,1,2,1,1,0,0
888,0.2888888888888889,1,0,1,0,1,1,0,1,2,0,0,2,0,3,2,2,1,0,0,0,1,0
889,0.5111111111111112,1,0,1,1,2,3,1,1,0,1,1,0,0,0,0,0,1,1,1,2,0,0
890,0.7555555555555555,1,0,0,0,0,1,0,0,0,1,1,0,0,1,1,1,1,2,1,1,0,0
891,0.35555555555555557,1,0,0,0,1,5,0,1,2,2,2,2,2,2,1,1,1,2,1,1,2,0
892,0.37777777777777777,1,1,0,1,4,0,1,1,1,1,1,1,2,1,0,0,1,1,1,1,0,0
893,0.7333333333333334,1,1,0,0,1,0,1,1,1,2,1,1,2,2,1,1,1,2,1,0,2,0
894,0.15555555555555556,1,0,0,0,4,2,1,1,0,0,1,0,0,2,1,1,1,2,1,0,1,0
895,0.17777777777777778,1,0,1,1,3,2,0,0,1,0,1,1,0,0,2,0,0,0,1,0,1,0
896,0.5777777777777778,1,0,1,1,3,2,0,1,1,0,1,1,0,3,2,2,1,0,1,1,1,1
897,0.17777777777777778,0,1,0,1,2,0,0,1,2,2,2,2,2,4,0,0,1,1,1,1,2,1
898,0.15555555555555556,1,1,0,0,0,0,1,1,1,2,1,1,2,4,1,1,0,0,1,0,2,0
899,0.7555555555555555,1,1,0,0,1,0,0,1,1,2,1,1,2,1,1,1,1,1,0,0,0,0
900,0.7111111111111111,1,0,1,1,4,5,0,1,2,2,1,2,2,1,2,0,0,0,1,0,1,1
901,0.2888888888888889,1,0,0,0,0,5,1,1,2,0,2,2,0,0,2,0,0,0,1,1,0,0
902,0.17777777777777778,0,0,1,1,4,5,0,1,2,2,2,1,0,0,2,2,0,0,1,1,1,0
903,0.4222222222222222,1,0,0,1,3,3,1,1,2,2,0,0,0,0,0,1,0,0,1,0,0,0
904,0.6888888888888889,1,0,0,1,1,5,0,1,2,2,2,2,2,0,0,0,2,2,1,0,2,1
905,0.6888888888888889,1,0,0,1,4,4,0,1,1,0,1,1,0,2,2,1,1,0,1,0,1,1
906,0.7777777777777778,1,0,0,1,3,4,1,1,2,2,1,2,0,0,0,0,1,0,1,1,0,0
907,0.15555555555555556,0,0,1,1,2,4,1,1,1,0,1,1,0,4,1,1,2,2,1,1,0,0
908,0.35555555555555557,1,0,1,1,4,2,0,1,0,2,1,2,0,2,1,1,2,2,1,1,0,0
909,0.17777777777777778,0,0,1,1,4,4,0,1,2,2,1,1,2,2,1,1,1,2,1,1,0,0
910,0.2888888888888889,1,0,0,1,4,2,0,1,1,0,1,1,0,1,2,0,1,0,1,0,1,0
911,0.2888888888888889,1,1,0,0,1,0,1,1,1,2,1,1,2,2,0,0,1,1,0,0,0,0
912,0.37777777777777777,1,1,0,1,4,0,1,1,1,0,1,1,2,1,1,1,1,1,1,1,2,0
913,0.3111111111111111,1,0,0,0,0,5,1,1,2,2,2,2,2,4,1,1,1,2,0,2,2,0
914,0.11111111111111112,0,0,1,1,2,5,0,1,0,1,1,0,0,0,2,2,0,0,1,1,0,0
915,0.24444444444444446,1,0,1,0,4,4,0,1,0,1,1,0,0,2,1,1,1,2,1,2,0,0
916,0.4,1,0,1,1,3,2,0,0,2,2,1,2,2,1,0,1,1,1,1,1,1,0
917,0.24444444444444446,1,0,1,1,4,2,0,0,2,0,1,1,0,0,0,0,1,1,1,1,2,0
918,0.5555555555555556,1,0,0,1,4,5,0,0,1,2,0,1,2,1,2,0,1,1,1,2,1,1
919,0.35555555555555557,1,0,1,0,0,3,0,1,2,0,0,0,0,4,1,1,2,2,2,2,2,0
920,0.26666666666666666,1,0,0,0,4,5,0,1,2,0,2,1,0,0,2,0,0,0,1,1,0,0
921,0.5777777777777778,1,0,1,0,4,3,0,0,2,1,1,0,0,0,0,1,0,1,1,0,1,0
922,0.26666666666666666,1,0,0,0,0,2,0,1,2,2,2,2,0,2,1,1,1,1,0,0,2,0
923,0.17777777777777778,1,0,0,0,0,1,1,1,2,0,1,1,2,0,1,1,2,2,0,0,0,0
924,0.3111111111111111,1,0,1,0,1,1,0,1,0,0,0,0,0,4,1,1,1,2,1,1,0,0
925,0.4,0,0,1,1,4,4,0,0,2,1,2,2,2,1,0,0,1,2,1,0,2,0
926,0.37777777777777777,1,0,0,0,2,0,0,1,0,0,1,2,0,4,1,1,1,2,1,0,2,0
927,0.5777777777777778,1,0,0,1,4,1,1,1,2,2,1,2,2,3,2,0,1,0,1,0,1,1
928,0.4666666666666667,1,0,1,1,4,1,0,1,1,1,1,1,0,3,2,2,0,1,1,0,1,0
929,0.2,1,0,1,1,4,5,0,1,0,1,1,2,2,3,0,1,1,1,2,2,1,1
930,0.4666666666666667,1,1,1,1,3,0,1,0,1,0,1,1,2,3,0,1,0,0,1,1,1,0
931,0.5555555555555556,1,0,0,1,2,4,0,1,0,0,1,0,0,0,2,0,0,0,1,0,0,0
932,0.35555555555555557,1,0,1,1,0,4,0,1,0,0,1,0,0,0,1,1,2,2,0,0,2,1
933,0.33333333333333337,1,0,0,1,3,5,0,1,2,2,2,2,2,2,0,1,1,1,1,1,0,0
934,0.6,1,0,1,1,4,4,1,1,2,2,2,2,2,1,0,0,1,2,1,0,1,0
935,0.24444444444444446,1,0,1,1,3,5,0,1,2,2,0,0,0,0,0,1,1,0,1,1,1,0
936,0.5111111111111112,1,0,1,1,4,5,1,1,2,2,2,2,2,3,2,1,1,1,1,0,0,1
937,0.3111111111111111,0,0,1,1,4,3,0,1,2,2,1,0,2,2,0,1,1,2,1,1,2,0
938,0.33333333333333337,1,0,1,0,4,1,0,1,2,2,2,2,0,0,2,1,1,0,1,1,0,0
939,0.24444444444444446,1,0,1,1,4,5,0,1,0,0,0,0,0,2,0,1,1,0,1,0,1,0
940,0.48888888888888893,1,0,1,1,2,2,0,1,2,2,1,1,2,0,2,1,1,0,1,1,1,0
941,0.6222222222222222,1,0,0,0,0,5,0,0,2,2,2,2,0,0,1,1,1,1,1,1,2,0
942,0.5777777777777778,1,0,0,1,3,5,0,1,2,2,2,2,0,2,1,1,2,2,0,2,2,0
943,0.4,1,0,0,1,4,5,0,1,2,2,0,2,0,3,0,0,1,1,1,1,0,0
944,0.5111111111111112,1,0,1,1,4,4,0,1,2,2,0,0,2,4,0,1,1,1,1,1,0,0
945,0.37777777777777777,1,0,0,1,3,2,0,1,1,2,1,1,2,4,1,1,2,2,0,0,2,0
946,0.15555555555555556,1,0,1,1,2,2,0,0,0,2,1,1,1,2,2,0,1,2,1,0,1,1
947,0.9333333333333333,1,1,0,1,4,0,1,1,1,0,1,1,0,3,2,0,1,2,1,0,1,1
948,0.4222222222222222,0,0,1,1,3,4,0,1,0,0,1,0,0,0,2,0,1,0,1,1,0,0
949,0.4666666666666667,1,0,0,0,0,4,0,1,1,0,1,1,2,0,0,1,1,2,0,0,0,0
950,0.35555555555555557,1,0,1,1,2,2,0,1,0,1,2,1,2,2,1,1,1,2,2,2,2,0
951,0.2888888888888889,1,0,1,0,1,5,0,0,0,0,1,0,0,0,2,0,0,0,1,1,1,0
952,0.37777777777777777,1,1,1,1,3,0,1,1,2,2,2,2,2,4,1,1,2,1,1,0,2,0
953,0.2,1,0,0,1,3,5,0,1,2,1,0,0,0,0,1,1,1,1,1,0,1,0
954,0.35555555555555557,1,0,0,0,0,5,0,1,0,1,0,0,0,0,1,1,1,2,0,0,0,0
955,0.33333333333333337,1,0,0,0,0,4,0,1,0,0,1,1,0,4,1,1,0,2,1,0,1,0
956,0.17777777777777778,1,1,0,0,4,4,1,1,1,2,1,1,2,2,1,1,1,2,2,2,2,0
957,0.4,1,1,0,1,4,2,1,0,0,0,1,1,0,1,2,0,2,0,1,0,0,0
958,0.15555555555555556,1,1,1,0,2,0,1,1,0,1,1,1,0,0,0,1,1,1,1,0,0,0
959,0.8222222222222223,1,0,0,1,2,5,0,0,2,2,2,2,0,2,2,0,0,1,1,0,1,1
960,0.35555555555555557,1,1,1,1,4,0,1,1,1,2,1,1,1,3,2,0,1,1,1,0,1,1
961,0.2,0,1,1,1,4,0,1,1,1,0,1,1,0,4,0,1,1,2,1,0,2,0
962,0.17777777777777778,1,0,0,0,1,4,1,1,0,1,0,0,0,4,1,1,2,2,1,1,0,0
963,0.6222222222222222,1,0,1,0,3,1,0,0,0,0,1,1,0,0,0,1,1,0,1,0,0,0
964,0.35555555555555557,0,1,0,1,4,0,1,1,1,2,2,2,2,4,1,1,1,2,1,1,0,0
965,0.5777777777777778,1,0,0,0,4,5,1,1,1,1,1,1,0,3,2,0,0,0,1,0,1,1
966,0.2888888888888889,1,1,0,1,4,4,0,1,1,2,1,1,1,3,2,2,0,0,1,1,2,1
967,0.5111111111111112,1,0,1,1,3,4,0,1,0,1,1,0,0,0,1,1,2,2,1,0,0,0
968,0.7111111111111111,1,0,1,0,1,5,0,1,2,2,2,2,2,0,1,1,2,2,1,1,2,0
969,0.26666666666666666,1,0,0,0,0,4,0,1,0,1,1,1,0,2,1,1,1,2,0,2,0,0
970,0.2,1,0,0,0,0,3,0,1,0,0,0,0,0,0,1,1,1,1,0,0,0,0
971,0.4666666666666667,1,0,0,0,1,5,0,1,2,2,2,2,2,2,0,0,1,1,1,0,1,1
972,0.22222222222222224,1,0,1,0,0,3,0,0,2,2,0,1,2,2,0,0,0,1,1,0,0,1
973,0.2,1,0,0,0,1,4,0,1,2,0,1,1,1,2,0,1,0,0,1,1,0,0
974,0.24444444444444446,1,0,1,1,2,2,0,1,1,0,1,1,0,2,0,0,2,2,1,1,1,0
975,0.5111111111111112,1,0,1,1,4,0,1,1,1,0,1,1,0,0,0,0,1,2,1,0,1,0
976,0.4444444444444445,0,1,1,1,3,0,1,1,1,2,1,1,2,2,2,0,1,1,0,0,0,1
977,0.37777777777777777,0,0,1,1,2,2,1,0,2,2,1,2,1,2,2,2,1,0,1,1,0,0
978,0.24444444444444446,1,0,1,1,2,1,0,1,0,1,1,0,0,0,0,1,1,1,1,2,0,0
979,0.22222222222222224,1,0,0,0,1,2,0,1,2,1,2,1,2,4,1,1,2,2,0,0,2,0
980,0.26666666666666666,1,0,0,1,4,4,1,1,1,0,1,1,0,4,1,1,2,2,1,2,2,0
981,0.48888888888888893,0,0,1,0,3,3,1,1,0,1,1,1,0,1,2,2,0,0,1,1,1,1
982,0.24444444444444446,1,0,0,0,2,4,0,1,1,0,1,1,1,1,2,1,0,0,1,2,2,0
983,0.13333333333333333,1,0,1,0,4,2,0,1,2,1,2,2,2,2,1,1,0,0,1,0,0,0
985,0.4666666666666667,1,0,0,0,0,0,1,1,1,0,1,1,2,2,1,1,1,2,1,1,0,0
986,0.044444444444444446,1,0,0,0,0,4,0,1,2,0,1,2,0,4,1,1,2,2,1,1,2,0
987,0.2888888888888889,0,0,1,1,4,2,0,1,2,2,2,0,2,4,1,1,1,0,1,1,2,0
988,0.24444444444444446,1,1,0,0,0,0,1,1,1,2,1,1,2,4,0,0,0,0,1,1,2,0
989,0.06666666666666667,1,0,0,1,4,2,0,1,0,0,1,1,0,0,2,1,0,0,1,0,2,0
990,0.4,1,1,0,0,4,0,0,1,0,1,1,0,0,2,1,1,1,2,1,1,0,0
991,0.48888888888888893,1,0,0,1,3,1,1,1,2,2,1,1,2,4,0,1,1,2,1,1,0,0
992,0.3111111111111111,0,0,1,0,1,5,0,0,2,1,1,0,0,0,2,2,0,0,1,1,0,0
993,0.33333333333333337,1,0,0,0,3,3,0,1,1,0,1,1,0,0,2,1,0,0,1,1,0,0
994,0.22222222222222224,1,0,0,0,0,4,0,1,1,0,1,1,0,0,1,1,0,0,1,1,0,0
995,0.17777777777777778,1,0,1,1,2,4,1,1,2,2,1,0,2,2,1,1,2,2,0,0,0,0
996,0.5555555555555556,1,0,1,1,4,4,1,1,0,0,1,0,0,0,0,1,1,2,1,0,0,0
997,0.37777777777777777,1,0,1,1,2,1,0,1,2,2,1,1,2,4,1,1,2,2,0,0,0,0
998,0.2,0,0,0,1,4,2,1,1,0,0,1,0,0,0,0,1,1,0,0,0,0,1
999,0.4,1,0,1,1,4,0,0,1,1,2,1,1,2,4,2,2,1,1,1,0,2,1
1000,0.37777777777777777,1,0,0,0,1,3,0,1,0,0,1,0,0,4,0,1,2,2,1,1,2,0
1001,0.4666666666666667,1,0,1,1,4,1,1,0,2,2,1,2,2,4,1,1,2,2,2,2,0,0
1002,0.37777777777777777,1,0,0,0,4,1,0,1,0,0,1,1,0,0,2,1,1,0,1,0,0,0
1003,0.48888888888888893,1,0,1,1,4,4,1,1,1,2,1,1,2,2,1,1,1,2,0,2,2,0
1004,0.6,0,0,0,0,0,1,0,1,0,1,1,1,0,0,2,1,0,0,1,1,0,0
1005,0.5111111111111112,1,0,0,0,0,5,0,0,2,2,2,2,2,0,0,1,0,2,1,1,0,0
1006,0.35555555555555557,0,1,0,0,1,0,1,1,1,2,0,0,2,2,0,1,0,1,1,1,2,0
1007,0.15555555555555556,0,0,1,0,4,5,0,0,2,2,1,0,0,1,2,0,1,1,1,1,1,1
1008,0.4666666666666667,0,0,1,0,4,2,1,1,0,1,0,0,0,0,1,1,1,2,1,1,0,0
1009,0.3111111111111111,1,0,0,0,4,5,0,1,2,1,2,2,2,0,2,0,1,1,1,0,2,0
1010,0.13333333333333333,1,0,0,0,0,1,0,1,0,1,1,1,2,4,0,1,1,2,0,2,0,0
1011,0.2,0,0,0,0,0,4,0,1,0,1,1,1,0,2,1,1,2,2,1,0,2,0
1012,0.6444444444444445,2,0,0,1,2,5,0,0,2,2,2,2,0,0,2,1,1,1,1,1,1,1
1013,0.2888888888888889,1,0,1,1,4,2,1,1,2,0,1,1,0,0,0,1,1,0,1,0,0,0
1014,0.17777777777777778,1,0,0,0,3,2,1,1,0,0,1,1,0,2,2,1,1,1,1,2,0,1
1015,0.044444444444444446,1,0,0,0,1,2,1,1,0,0,1,1,0,2,1,1,1,1,1,0,1,0
1016,0.2888888888888889,0,0,1,1,4,3,0,0,2,2,2,2,2,2,0,0,1,1,1,1,1,1
1017,0.33333333333333337,1,0,0,0,1,4,0,1,2,2,2,2,0,2,1,1,2,2,1,0,2,0
1018,0.33333333333333337,1,0,0,0,0,4,0,1,1,0,1,1,0,0,0,0,0,0,1,0,0,0
1019,0.4444444444444445,1,0,1,0,4,2,1,1,0,0,1,1,0,2,0,1,1,1,1,0,1,0
1020,0.5555555555555556,1,0,1,1,4,4,1,1,0,0,1,0,0,0,0,0,1,1,1,1,0,0
1021,0.17777777777777778,0,0,0,0,1,5,0,1,2,2,2,2,0,0,0,1,1,2,0,1,2,0
1022,0.044444444444444446,1,0,0,0,4,0,0,1,0,1,1,1,0,0,1,1,1,2,0,0,0,0
1023,0.5111111111111112,0,0,1,0,1,1,1,1,2,2,2,1,0,0,2,2,0,0,1,1,0,0
1024,0.37777777777777777,1,0,0,0,0,5,0,0,2,1,2,0,0,0,0,0,1,2,1,1,0,0
1025,0.2,1,0,1,0,0,4,0,1,0,1,1,1,0,0,1,1,1,2,1,1,2,0
1026,0.3111111111111111,1,0,1,1,3,4,0,1,0,1,0,0,2,0,1,1,2,2,0,0,2,0
1027,0.5111111111111112,1,0,1,0,4,5,1,0,2,1,2,0,0,0,2,0,1,1,1,0,1,0
1028,0.3111111111111111,0,0,1,1,2,2,0,1,1,0,1,1,1,3,2,1,0,0,1,2,1,1
1029,0.4222222222222222,1,0,0,0,1,1,0,0,0,0,1,0,0,0,2,0,0,0,1,0,0,1
1030,0.4,1,0,1,0,4,4,1,1,1,2,1,1,0,0,0,1,0,1,1,1,0,0
1031,0.2,1,0,1,1,4,2,1,1,1,0,1,1,2,0,1,1,2,2,1,0,2,0
1032,0.6,1,0,0,0,0,5,1,0,0,0,0,0,2,0,2,1,1,0,1,1,1,0
1033,0.37777777777777777,0,0,0,0,4,0,0,1,1,1,1,1,0,4,1,1,1,2,1,0,2,0
1034,0.4,1,0,0,0,0,4,1,1,1,0,1,1,0,0,1,1,0,0,1,1,0,0
1035,0.24444444444444446,0,0,1,1,4,2,1,1,0,0,1,1,0,2,2,1,1,1,1,0,1,0
1036,0.35555555555555557,1,0,0,0,0,4,1,1,2,0,0,2,2,0,1,1,1,2,1,1,2,0
1037,0.5111111111111112,1,0,1,1,4,5,1,1,2,2,1,2,0,0,2,1,0,0,1,0,0,0
1038,0.2,1,0,0,1,4,4,0,1,2,2,1,1,2,0,0,1,1,0,1,0,0,0
1039,0.26666666666666666,0,0,0,1,2,5,0,0,2,2,1,1,0,0,0,1,1,0,1,2,1,1
1040,0.2,0,0,1,1,4,1,0,1,2,1,1,1,2,0,0,1,1,0,1,0,0,0
1041,0.35555555555555557,1,0,1,1,4,4,0,1,1,1,1,1,0,2,1,1,1,2,1,1,0,0
1042,0.24444444444444446,1,0,1,0,4,1,0,1,1,0,1,1,0,2,1,1,1,1,1,1,0,1
1043,0.5333333333333333,1,1,0,1,2,0,1,0,1,2,2,2,2,3,1,1,1,1,1,1,2,1
1044,0.48888888888888893,1,1,1,1,4,0,1,1,1,2,2,2,2,1,1,1,2,2,1,0,2,1
1045,0.2,0,0,1,1,4,5,0,1,2,2,1,1,0,0,1,1,1,2,1,0,1,1
1046,0.13333333333333333,0,0,1,0,4,2,0,0,1,0,1,1,0,1,2,1,0,1,1,0,1,0
1047,0.4,1,0,1,1,2,5,0,1,0,1,1,1,2,4,1,1,1,1,1,0,1,0
1048,0.4222222222222222,1,0,0,0,1,0,1,1,0,1,0,0,0,4,1,1,1,1,1,1,0,0
1049,0.5555555555555556,1,0,0,0,3,5,0,0,0,0,1,0,0,0,0,1,1,0,1,0,1,0
1050,0.48888888888888893,1,0,1,1,4,3,0,1,2,2,1,0,2,4,1,1,1,2,1,1,2,0
1051,0.22222222222222224,1,0,0,0,1,4,0,1,0,0,1,0,0,0,0,1,1,2,0,0,0,0
1052,0.35555555555555557,1,1,0,0,1,4,1,1,0,0,1,1,1,4,0,1,1,2,1,0,2,0
1053,0.3111111111111111,1,0,1,1,2,5,0,1,2,1,0,0,0,0,0,1,1,0,1,0,0,0
1054,0.24444444444444446,0,0,0,1,3,4,0,1,2,2,0,2,2,4,1,1,1,1,1,2,0,0
1055,0.26666666666666666,0,0,0,1,2,5,1,0,2,0,1,1,0,2,1,1,1,2,0,0,0,0
1056,0.22222222222222224,1,0,0,1,4,1,0,1,0,1,1,1,2,3,0,1,1,0,1,0,1,0
1057,0.6,1,1,0,0,1,0,1,1,0,0,1,1,2,1,1,1,0,0,1,1,0,0
1058,0.17777777777777778,1,0,0,1,2,4,1,1,0,0,1,1,0,2,0,1,1,0,1,0,0,0
1059,0.15555555555555556,1,0,1,1,4,4,0,1,1,0,1,1,0,2,0,1,2,2,1,1,0,0
1060,0.17777777777777778,1,0,1,1,2,4,0,0,0,0,1,1,2,0,1,1,1,2,1,0,1,1
1061,0.37777777777777777,1,0,0,0,1,4,1,1,2,1,0,0,0,2,0,0,0,1,1,0,0,0
1062,0.2,1,0,0,0,1,5,0,0,2,2,1,0,0,1,0,1,0,2,1,1,0,0
1063,0.6888888888888889,1,0,0,0,1,2,0,0,2,2,2,2,2,0,0,1,1,2,1,0,0,0
1064,0.37777777777777777,1,0,0,0,0,2,1,1,1,0,1,1,0,3,2,0,1,0,1,0,1,0
1065,0.48888888888888893,0,0,0,1,4,4,1,1,1,0,1,1,0,0,0,0,1,1,1,0,1,0
1066,0.5777777777777778,1,0,0,0,4,5,1,1,2,1,1,2,0,0,0,1,0,0,1,1,0,0
1067,0.5333333333333333,1,0,0,0,3,5,0,1,2,2,2,2,0,0,0,0,1,0,1,1,2,1
1068,0.17777777777777778,1,0,0,0,1,5,0,0,0,0,1,1,0,0,1,1,1,2,1,1,0,0
1069,0.3111111111111111,1,0,0,1,4,1,0,1,2,2,1,1,0,2,0,1,1,0,1,0,1,0
1070,0.5111111111111112,1,0,1,1,4,5,0,1,2,2,2,2,2,0,2,2,0,0,1,0,1,1
1071,0.5777777777777778,1,1,1,1,4,0,1,1,2,1,1,0,0,0,0,0,1,1,1,0,0,0
1072,0.22222222222222224,0,0,1,1,2,5,0,1,2,2,2,2,2,3,0,1,2,1,1,0,1,1
1073,0.4444444444444445,0,0,1,1,4,2,1,1,2,2,1,0,0,0,2,0,0,0,1,0,0,0
1074,0.33333333333333337,1,1,0,1,4,0,0,1,1,0,1,1,2,3,0,1,1,2,1,0,1,0
1075,0.17777777777777778,1,0,1,1,2,0,0,1,1,2,1,1,2,4,0,1,2,2,1,0,1,0
1076,0.26666666666666666,1,0,1,1,2,0,0,1,0,1,0,2,0,3,1,0,2,2,0,1,2,0
1077,0.2888888888888889,0,0,1,1,2,5,0,0,2,0,1,1,0,1,2,1,0,0,1,0,1,0
1078,0.37777777777777777,0,0,1,1,2,2,0,0,0,0,2,0,0,2,1,1,1,1,1,1,2,0
1079,0.33333333333333337,1,0,1,1,4,0,0,0,2,2,2,2,2,2,0,0,1,1,1,0,1,0
1080,0.4444444444444445,1,0,0,0,0,4,0,1,0,0,1,1,2,4,1,1,2,2,0,0,2,0
1081,0.5333333333333333,1,0,0,1,4,5,0,1,0,0,1,1,0,1,1,1,2,2,1,1,2,0
1082,0.4666666666666667,1,0,1,0,1,5,0,0,2,1,2,2,0,0,2,0,1,0,1,1,1,0
1083,0.33333333333333337,1,0,0,1,4,2,0,1,2,2,2,0,2,0,1,1,1,2,1,0,0,0
1084,0.24444444444444446,0,0,1,1,4,1,0,1,2,2,0,0,0,0,0,1,1,1,1,1,2,0
1085,0.0,1,1,0,0,1,0,1,1,1,2,1,1,2,4,1,1,1,1,1,0,2,0
1086,0.5777777777777778,1,0,1,0,1,1,0,0,2,2,1,0,0,2,0,1,1,1,1,0,1,0
1087,0.33333333333333337,1,0,1,1,2,1,0,1,1,2,1,1,0,3,2,1,2,2,1,2,1,0
1088,0.17777777777777778,1,0,0,1,4,5,0,1,2,2,2,0,2,0,2,1,0,0,1,1,2,0
1089,0.4444444444444445,1,0,0,1,4,1,0,1,2,0,1,2,2,4,1,1,0,2,1,1,2,0
1090,0.4222222222222222,1,1,0,1,4,0,0,0,1,2,1,1,1,3,1,1,0,0,1,1,1,1
1091,0.15555555555555556,1,0,1,1,3,4,1,1,0,0,1,1,0,4,1,1,2,2,0,2,2,0
1092,0.5111111111111112,1,0,1,1,4,5,0,1,2,1,2,0,0,1,0,1,1,1,1,0,0,1
1093,0.26666666666666666,1,0,0,0,0,5,0,0,0,1,2,0,2,2,1,1,1,2,1,0,2,0
1094,0.5777777777777778,1,0,0,0,1,3,0,1,0,0,1,0,0,0,1,1,2,1,1,1,2,0
1095,0.26666666666666666,1,0,0,0,0,4,1,1,2,1,1,2,0,0,0,1,1,2,0,2,0,0
1096,0.2,1,0,1,0,4,1,0,1,0,1,1,1,0,0,0,1,1,0,1,0,0,0
1097,0.35555555555555557,0,1,1,1,2,0,1,1,1,2,1,1,1,3,2,2,0,0,1,0,1,1
1098,0.4,0,0,1,0,4,4,1,1,0,0,1,1,0,2,1,1,2,1,1,1,2,0
1099,0.6222222222222222,1,0,0,0,1,4,1,1,2,0,1,1,0,0,2,0,1,0,1,0,0,0
1100,0.17777777777777778,1,0,0,1,3,4,1,1,1,2,1,0,0,2,0,1,0,1,1,0,0,0
1101,0.7333333333333334,1,1,0,1,4,2,1,1,1,0,1,1,0,0,0,0,1,2,1,1,0,0
1102,0.2,1,0,1,1,3,2,0,1,1,0,0,0,0,4,1,1,2,2,0,2,2,0
1103,0.35555555555555557,0,0,0,1,2,5,0,1,2,2,0,0,0,0,2,1,0,0,1,0,0,0
1104,0.2888888888888889,1,0,0,0,2,4,0,1,1,0,1,1,1,4,0,0,1,1,0,0,0,0
1105,0.35555555555555557,1,0,1,1,4,4,1,1,2,2,1,0,2,4,1,1,1,2,0,0,2,0
1106,0.26666666666666666,1,0,0,1,2,4,0,1,2,0,1,1,2,2,0,0,2,1,1,2,1,0
1107,0.4444444444444445,1,0,0,0,0,4,1,1,1,1,1,1,0,0,0,1,1,0,0,2,0,0
1108,0.17777777777777778,1,0,1,1,4,0,1,1,0,0,0,0,0,4,1,1,2,2,0,2,0,0
1109,0.5111111111111112,1,0,0,0,0,5,0,0,2,1,0,0,0,2,0,1,1,1,1,0,0,0
1110,0.15555555555555556,1,0,0,0,4,2,0,1,2,2,1,1,2,0,0,1,0,0,1,0,0,1
1111,0.5111111111111112,1,0,0,1,1,1,0,1,0,1,1,0,0,4,0,1,2,1,1,0,0,0
1112,0.6444444444444445,1,0,1,1,4,4,0,1,0,2,1,0,0,0,2,0,0,1,1,0,0,0
1113,0.4666666666666667,1,0,1,1,3,5,0,0,2,2,2,2,2,2,2,1,0,2,1,2,0,0
1114,0.37777777777777777,1,0,0,0,1,0,1,1,1,2,1,1,0,0,2,2,0,0,1,1,0,0
1115,0.33333333333333337,1,1,0,1,3,0,0,1,1,2,2,2,2,4,1,1,1,2,1,2,1,1
1116,0.6,1,0,0,1,4,5,0,0,1,0,1,2,0,0,0,1,1,1,1,1,1,0
1117,0.35555555555555557,0,0,0,1,1,1,0,1,0,1,1,0,0,4,0,1,1,1,1,0,1,0
1118,0.6222222222222222,0,0,0,1,3,2,0,0,0,0,0,0,0,0,1,1,1,1,1,0,0,0
1119,0.4,1,0,0,0,0,4,0,1,0,1,0,0,2,0,1,1,0,0,1,1,2,0
1120,0.2,1,1,1,1,2,0,0,1,1,0,1,1,0,0,0,1,2,2,0,2,1,1
1121,0.06666666666666667,0,0,0,1,4,2,1,1,0,1,0,0,0,0,1,1,1,1,0,0,0,0
1123,0.4444444444444445,1,0,1,0,4,4,0,1,1,0,1,1,2,2,0,1,1,2,1,0,2,0
1124,0.24444444444444446,1,0,0,0,0,5,0,0,2,0,1,1,2,2,0,1,0,0,1,2,1,0
1125,0.5555555555555556,0,0,1,1,4,2,0,0,2,2,1,1,0,0,2,1,1,1,1,2,1,0
1126,0.33333333333333337,1,0,0,0,0,2,0,1,1,0,1,1,0,0,0,1,0,0,1,1,0,1
1127,0.4222222222222222,0,0,1,1,3,5,1,1,2,2,1,1,2,2,0,0,1,0,1,1,0,0
1128,0.22222222222222224,1,0,0,0,3,2,0,1,1,2,1,2,1,1,2,1,0,0,1,0,1,1
1129,0.22222222222222224,1,0,0,0,3,2,0,1,1,2,1,2,1,1,2,1,0,0,1,0,1,1
1130,0.22222222222222224,1,0,0,1,4,5,0,0,1,0,1,1,2,2,0,1,2,2,0,0,1,0
1131,0.17777777777777778,1,0,1,1,4,2,1,1,1,0,1,1,2,4,1,1,1,2,1,0,2,0
1132,0.5333333333333333,1,0,1,0,0,4,0,1,1,0,1,1,0,1,0,0,1,1,0,0,0,0
1133,0.13333333333333333,1,0,1,1,4,4,0,1,0,1,1,1,0,2,0,1,0,0,1,1,0,0
1134,0.08888888888888889,1,0,0,1,4,5,0,0,0,0,1,0,0,0,0,1,1,0,1,1,0,0
1135,0.2,1,0,0,1,2,2,0,1,1,2,1,1,2,3,1,1,2,2,2,2,0,0
1136,0.26666666666666666,1,0,0,0,3,5,0,1,0,1,0,0,0,0,0,0,0,0,1,2,0,1
1137,0.24444444444444446,1,0,0,0,4,5,0,0,1,0,1,1,0,2,2,0,0,0,1,1,0,1
1138,0.22222222222222224,0,0,1,0,0,5,0,0,1,2,1,1,2,0,0,1,0,0,1,2,2,0
1139,0.13333333333333333,1,0,0,0,1,5,0,0,1,2,2,2,2,1,1,1,2,2,1,2,2,0
1140,0.2,0,0,1,0,4,2,1,1,0,0,1,1,0,0,0,1,0,0,1,1,0,0
1141,0.4666666666666667,1,0,1,1,4,0,0,1,1,1,0,0,0,4,1,1,1,2,0,2,0,0
1142,0.48888888888888893,1,0,1,1,4,5,0,0,1,0,1,1,2,4,0,0,1,2,0,0,2,0
1143,0.4,1,0,1,1,2,5,0,0,2,2,1,2,0,2,2,1,0,1,1,2,0,0
1144,0.33333333333333337,1,0,0,0,3,4,0,1,2,1,1,0,0,0,0,1,0,1,1,0,0,0
1145,0.33333333333333337,1,0,0,1,4,5,0,1,2,2,2,2,2,1,0,0,1,1,1,1,0,1
1146,0.2,1,0,0,0,1,4,0,1,1,0,1,1,0,0,2,0,1,0,1,0,0,0
1147,0.4666666666666667,1,0,1,1,3,1,0,1,0,1,1,0,0,0,1,1,2,2,1,0,1,0
1148,0.37777777777777777,0,0,1,0,3,2,0,0,2,2,2,2,2,4,1,1,1,2,0,0,2,0
1149,0.48888888888888893,1,0,1,1,2,2,0,0,0,1,1,1,0,2,2,1,1,1,1,0,0,0
1150,0.33333333333333337,1,1,0,0,1,4,1,1,0,1,1,1,0,4,1,1,2,2,0,0,2,0
1151,0.4444444444444445,1,1,0,0,1,0,1,1,0,1,0,0,0,4,2,2,1,1,1,1,0,0
1152,0.3111111111111111,1,0,1,1,1,4,0,1,0,1,1,0,0,2,1,1,1,1,1,1,0,0
1153,0.2888888888888889,1,0,1,1,3,4,0,1,1,2,1,1,0,0,1,1,0,0,1,1,0,0
1154,0.7555555555555555,1,0,0,0,1,5,1,1,0,0,1,0,0,0,2,1,0,0,1,1,1,0
1155,0.26666666666666666,1,0,0,1,4,2,0,1,2,2,1,1,0,0,2,1,1,1,1,0,0,0
1156,0.3111111111111111,1,0,0,0,1,1,0,1,2,0,1,2,0,0,0,2,1,0,1,1,2,0
1157,0.3111111111111111,1,0,0,0,0,2,0,1,0,1,1,1,0,0,2,2,0,0,1,1,0,0
1158,0.2,1,0,1,1,4,4,1,1,0,0,1,0,0,2,0,1,1,1,0,0,0,0
1159,0.6444444444444445,0,0,0,1,2,1,1,0,2,2,1,1,2,0,0,1,1,1,1,0,1,0
1160,0.33333333333333337,1,0,1,0,4,5,0,1,2,0,2,0,0,0,0,1,2,2,1,1,0,0
1161,0.26666666666666666,1,0,1,1,4,2,0,0,2,2,2,2,0,0,0,1,1,0,1,0,0,0
1162,0.37777777777777777,1,0,0,0,1,5,1,1,0,1,1,1,0,0,0,1,1,1,1,2,0,0
1163,0.2,1,0,0,0,2,4,0,1,1,0,1,1,1,3,2,1,0,0,1,0,2,0
1164,0.33333333333333337,0,0,0,1,4,5,0,1,2,2,1,0,0,0,0,1,1,0,1,1,1,0
1165,0.26666666666666666,1,0,0,0,0,5,0,1,0,1,1,1,0,0,0,1,1,2,0,2,1,0
1166,0.2888888888888889,1,0,0,0,0,5,0,0,2,0,2,2,0,0,2,0,0,0,1,1,0,0
1167,0.5111111111111112,0,0,1,1,4,2,0,1,2,2,1,2,2,2,1,1,2,2,1,0,2,1
1168,0.13333333333333333,1,0,0,1,4,0,0,1,1,0,1,1,0,3,0,1,2,2,2,2,1,1
1169,0.06666666666666667,1,0,0,0,3,2,0,0,1,0,1,1,0,3,2,2,1,0,1,0,1,0
1170,0.4666666666666667,1,0,1,0,0,4,0,1,0,0,1,1,0,1,1,1,1,2,1,1,0,1
1171,0.2,0,0,1,1,3,1,0,1,2,0,1,1,0,0,0,0,0,0,1,0,1,0
1172,0.26666666666666666,1,0,0,0,1,2,0,1,1,0,1,0,0,0,1,1,1,2,1,2,1,1
1173,0.5111111111111112,1,1,0,0,4,0,1,1,1,2,1,1,0,2,1,1,1,1,0,0,0,0
1174,0.17777777777777778,0,0,0,1,4,2,1,1,1,0,1,1,0,0,0,0,2,1,0,1,1,0
1175,0.33333333333333337,0,0,0,1,4,2,0,1,2,2,1,1,2,0,0,0,1,0,1,1,1,0
1176,0.4666666666666667,1,0,1,1,4,5,0,0,2,2,2,2,2,0,0,1,1,0,1,0,1,1
1177,1.0,0,0,1,1,1,3,1,0,2,1,0,2,0,2,0,0,1,2,1,1,0,1
1178,0.4,0,0,1,1,4,0,1,1,1,0,1,1,2,0,0,0,1,1,1,1,2,0
1179,0.24444444444444446,0,0,0,1,2,4,0,1,1,2,1,1,0,3,2,0,1,1,1,1,0,0
1180,0.22222222222222224,0,0,0,0,1,1,0,0,0,1,0,0,0,0,1,1,1,2,1,1,2,0
1181,0.8444444444444444,0,1,0,0,3,0,1,1,0,1,0,0,0,0,0,0,0,0,1,1,0,0
1182,0.4666666666666667,1,0,1,1,4,2,1,1,2,0,1,1,0,0,0,1,1,1,1,1,0,0
1183,0.3111111111111111,0,0,0,0,0,2,0,1,0,1,1,1,2,4,0,1,1,1,1,1,0,0
1184,0.5111111111111112,1,0,1,1,4,4,0,1,2,2,1,1,2,0,0,1,1,0,1,1,2,0
1185,0.6,1,0,1,1,4,1,0,1,2,2,1,2,2,0,0,1,1,1,1,1,0,0
1186,0.37777777777777777,1,0,1,0,4,5,0,1,2,1,2,2,2,0,0,1,0,0,1,0,0,0
1187,0.4444444444444445,1,0,0,0,1,2,1,1,0,0,1,1,0,2,1,1,1,2,1,2,0,0
1188,0.4666666666666667,1,0,0,0,1,2,0,1,0,1,0,0,2,0,1,1,1,2,2,0,1,0
1189,0.22222222222222224,1,0,0,0,0,2,0,1,0,1,1,1,0,0,1,1,1,2,2,2,0,0
1190,0.37777777777777777,0,0,0,1,4,3,0,0,2,2,2,1,2,0,2,2,1,1,1,1,2,0
1191,0.4,0,0,0,0,3,0,0,1,0,0,1,1,1,0,0,1,1,0,1,0,1,0
1192,0.37777777777777777,1,0,0,1,2,4,0,1,1,0,1,1,0,1,2,0,1,2,1,0,1,0
1193,0.33333333333333337,1,0,0,1,2,2,1,1,2,1,1,0,0,3,2,0,1,0,1,1,0,0
1194,0.17777777777777778,1,0,0,0,0,1,0,1,0,1,1,0,0,0,0,1,1,2,1,1,0,0
1195,0.24444444444444446,1,0,0,1,2,1,1,1,1,2,1,1,0,0,2,1,0,0,1,0,1,0
1196,0.24444444444444446,0,0,0,1,3,4,0,1,2,0,1,1,0,2,2,2,1,0,1,1,1,1
1197,0.3111111111111111,1,1,0,1,0,0,0,1,1,2,1,1,1,0,1,1,2,2,1,0,0,0
1198,0.15555555555555556,1,0,0,0,0,1,0,1,0,1,1,1,0,2,0,0,1,2,1,0,0,0
1199,0.37777777777777777,1,0,1,1,1,0,1,1,1,0,1,1,0,0,0,1,1,2,1,1,0,0
1200,0.33333333333333337,1,0,0,1,4,4,0,1,1,0,1,1,0,2,1,1,1,2,1,0,0,0
1201,0.37777777777777777,1,0,1,0,2,2,1,0,0,1,1,1,0,2,0,1,1,2,0,2,2,0
1202,0.13333333333333333,1,0,0,1,4,0,0,1,1,2,1,1,1,4,0,0,1,2,1,1,1,0
1203,0.35555555555555557,1,0,1,0,2,1,0,1,1,2,1,1,0,2,1,1,1,2,0,0,0,1
1204,0.26666666666666666,1,0,1,1,4,2,0,1,0,1,1,1,0,1,0,1,0,0,1,0,1,0
1205,0.15555555555555556,1,0,1,0,0,0,0,1,1,0,1,1,0,0,0,0,0,0,1,1,0,0
1206,0.6222222222222222,1,0,0,0,1,5,1,1,0,1,1,1,0,0,2,1,2,1,1,1,1,1
1207,0.37777777777777777,0,0,0,1,4,5,0,0,1,2,1,2,2,1,0,0,1,2,1,0,1,1
1208,0.3111111111111111,1,0,0,0,4,5,0,1,0,0,1,1,0,3,2,2,1,0,1,0,1,1
1209,0.35555555555555557,1,0,0,1,2,2,1,1,2,2,1,1,2,0,0,1,1,0,1,0,0,0
1210,0.24444444444444446,1,0,0,0,0,4,0,1,1,1,1,1,0,2,0,0,1,1,1,1,0,0
1211,0.22222222222222224,1,0,0,0,3,5,1,0,0,1,1,2,0,0,1,1,1,2,1,1,0,0
1212,0.5555555555555556,1,0,0,0,1,2,0,1,1,2,1,1,1,1,2,2,1,1,1,1,1,0
1213,0.24444444444444446,1,0,0,0,0,4,0,1,1,1,1,1,0,2,0,0,1,1,1,1,0,0
1214,0.4666666666666667,1,0,0,1,4,5,1,1,2,0,2,2,2,4,1,1,2,2,1,1,0,0
1215,0.6444444444444445,1,0,1,1,2,2,0,1,0,0,1,1,0,0,0,1,1,0,1,1,1,0
1216,0.6444444444444445,1,0,1,1,4,1,1,1,0,1,0,0,0,0,1,1,1,2,2,2,0,0
1217,0.5333333333333333,0,1,0,1,3,0,1,1,0,2,0,2,1,2,1,1,2,2,2,2,2,0
1218,0.13333333333333333,1,0,0,0,1,2,0,1,0,0,1,1,0,2,0,1,1,1,1,0,2,1
1219,0.15555555555555556,1,0,1,1,4,5,0,1,2,2,1,2,0,2,0,1,1,0,1,0,2,1
1220,0.13333333333333333,0,0,0,1,3,2,0,1,1,2,2,1,0,0,1,1,2,1,1,0,0,0
1221,0.48888888888888893,1,0,0,0,0,5,0,0,2,1,2,0,0,2,0,0,0,1,1,1,2,0
1222,0.33333333333333337,0,0,1,0,1,5,0,1,2,2,0,2,2,0,0,1,1,1,1,1,0,0
1223,0.17777777777777778,1,0,1,1,4,2,0,1,0,2,1,1,0,2,2,1,1,1,1,0,0,0
1224,0.48888888888888893,1,0,0,0,0,4,1,1,1,0,1,1,2,0,2,1,0,0,1,1,0,0
1225,0.13333333333333333,0,0,1,1,4,4,0,1,1,2,1,2,2,4,1,1,2,2,0,0,2,0
1226,0.15555555555555556,1,1,0,1,4,4,1,1,1,0,1,1,0,0,0,0,1,1,1,0,0,1
1227,0.17777777777777778,1,0,1,1,4,5,0,0,2,2,2,2,2,4,1,1,2,2,2,2,2,0
1228,0.13333333333333333,1,0,0,1,3,4,0,1,1,2,1,1,0,0,1,1,2,2,1,0,0,0
1229,0.15555555555555556,2,0,0,1,4,4,0,0,0,0,1,0,0,0,2,0,0,0,1,0,0,0
1230,0.13333333333333333,1,0,0,1,2,2,0,1,2,2,2,0,0,0,0,1,2,1,1,1,0,0
1231,0.9111111111111111,1,0,0,1,2,5,1,1,0,0,2,0,0,2,0,0,1,0,1,0,0,0
1232,0.24444444444444446,1,0,0,0,4,2,0,1,1,2,1,1,2,0,2,0,0,0,1,1,1,1
1233,0.24444444444444446,1,0,1,1,2,5,0,0,2,2,2,2,2,2,2,0,1,2,1,1,1,1
1234,0.2888888888888889,1,0,0,0,4,3,0,1,0,0,1,1,0,0,0,1,2,2,0,2,0,0
1235,0.3111111111111111,1,0,1,1,4,1,0,1,0,0,1,1,2,2,1,1,1,0,1,1,0,0
1236,0.3111111111111111,1,1,0,1,2,4,1,1,1,0,1,1,0,2,0,1,1,0,1,1,0,0
1237,0.24444444444444446,1,0,0,1,3,2,0,1,0,0,1,0,0,0,0,1,0,0,1,0,0,0
1238,0.5777777777777778,0,0,1,1,3,5,1,1,2,2,1,2,0,0,1,1,1,2,1,1,0,0
1239,0.33333333333333337,0,0,0,0,0,5,0,0,1,0,1,0,0,0,0,1,1,2,1,2,1,0
1240,0.11111111111111112,1,0,1,1,2,1,0,0,2,2,2,2,2,0,0,0,0,2,1,0,0,1
1241,0.33333333333333337,1,0,0,0,1,1,0,1,2,1,0,2,0,2,1,1,0,1,0,2,0,0
1242,0.4222222222222222,1,0,0,1,2,4,0,1,1,0,1,1,1,3,2,1,1,0,1,0,0,1
1243,0.5333333333333333,0,0,1,1,4,2,0,1,2,0,1,0,0,0,2,0,0,0,1,1,0,0
1244,0.2888888888888889,1,0,1,1,4,2,0,1,2,2,0,1,2,4,1,1,2,2,0,0,2,0
1245,0.2888888888888889,1,1,1,1,2,2,0,1,2,1,2,2,0,0,1,1,1,2,0,0,2,0
1246,0.4222222222222222,1,0,1,1,2,1,0,0,1,2,1,1,0,2,1,1,1,2,1,2,2,0
1247,0.26666666666666666,1,0,1,1,4,1,1,1,2,2,2,1,2,0,2,1,1,0,1,0,1,0
1248,0.4222222222222222,1,0,1,0,3,5,0,0,0,0,2,2,0,2,0,0,1,1,1,1,0,0
1249,0.2,1,0,0,1,0,2,0,1,1,0,1,1,0,2,1,1,1,1,1,1,0,0
1250,0.33333333333333337,1,0,1,1,2,2,1,1,2,2,1,1,2,1,1,1,1,2,1,1,2,0
1251,0.37777777777777777,1,0,1,1,4,5,0,1,2,2,1,1,0,1,2,2,0,0,1,1,1,0
1252,0.6444444444444445,0,0,0,0,0,1,1,1,1,2,1,1,0,0,2,1,0,0,1,1,1,0
1253,0.17777777777777778,1,0,1,1,4,2,0,0,2,2,1,1,2,0,0,1,1,0,1,1,0,0
